age_days,total_posts,total_comments,comment_to_post_ratio,subreddit_diversity,activity_spike,post_to_karma_ratio,posts_per_day,username,bot
25.740019218692623,4,9,2.25,6,0,0.0027491408934707906,0.5050501279563648,piakexpea,True
51.268441381534494,1,1,1.0,1,0,0.07692307692307693,0.0195051765384889,FairyGleamz,True
0.0259833648469713,1,0,0.0,1,0,0.058823529411764705,1.0,LaliDancingShoes,True
4.478109036526746,1,2,2.0,2,0,0.006060606060606061,0.44661708406082373,viontra7,True
23.20746821441584,1,1,1.0,1,0,0.007407407407407408,0.04308957749121585,MoanRanger33,True
3.883830763236792,15,2,0.13333333333333333,16,1,3.75,4.377121722428545,lahstcuo,True
1.9691514197488627,6,0,0.0,4,0,0.2608695652173913,3.0469977777357595,Marly_Mar_91,True
0.824452875289652,7,21,3.0,7,1,1.4,28.0,TodayThin5781,True
0.023015632996404613,1,0,0.0,1,0,0.058823529411764705,1.0,LaliInvisibleCloak,True
45.703156005389715,5,50,10.0,14,1,0.5555555555555556,1.2034179870097794,Impressive-Party-325,True
31.88070170218746,1,30,30.0,9,0,0.003125,0.9410081459386944,runawaybbride,True
1584.7980311150684,7,50,7.142857142857143,28,1,0.002551020408163265,0.035966728176646354,captainblackfalcon,True
0.2330039259818969,1,3,3.0,1,0,0.16666666666666666,3.0,sweetnancyy,True
0.01974800813805174,1,0,0.0,1,0,0.018518518518518517,1.0,ivania8_z31xx,True
5.808739214674742,6,24,4.0,4,1,0.04081632653061224,5.164631926358539,InevitableCookie226,True
0.0285383838939446,1,0,0.0,1,0,0.03225806451612903,1.0,LaliSingingBone,True
0.020941563510784397,1,0,0.0,1,0,0.02040816326530612,1.0,LaliMagicCarpet,True
4.398381404012993,7,10,1.4285714285714286,6,1,0.5384615384615384,3.865058174466077,Limp-Kitchen1000,True
2462.579614850459,50,50,1.0,59,1,0.004017354973485457,0.0406078241681833,BionicWither63736,True
10.366856616133893,1,0,0.0,0,0,0.25,0.0,occupamy,True
0.0280681909068867,2,0,0.0,2,0,0.02857142857142857,2.0,FormalRead3239,True
27.061721749523723,1,0,0.0,1,0,1.0,0.03695256381895212,miaowmiaow_,True
0.03490140641729037,3,0,0.0,3,0,0.012396694214876033,3.0,Dramatic-Fail-104,True
615.0539160649589,50,50,1.0,28,1,0.02255299954894001,0.16258737224175077,beccaxteach,True
4285.079989563834,1,0,0.0,0,0,3.205230936889003e-05,0.0,Cheponsky,True
1070.9738719720503,9,50,5.555555555555555,22,0,0.006612784717119765,0.05509004611976168,bicebird,True
4.544054746122824,10,2,0.2,11,1,10.0,2.6408132538981617,pareebis,True
2.988101875036955,5,0,0.0,5,0,0.0196078431372549,1.6733030562882543,Local-Cable8296,True
859.0365285355432,1,1,1.0,2,0,1.0,0.00232818970272374,Top_Pen_775,True
41.5328584032285,35,50,1.4285714285714286,13,1,0.04723346828609987,2.0465723590407308,InfamousCall1952,True
10.90294472468948,4,9,2.25,5,1,4.0,1.1923384304207088,WDZOMBI33,True
2839.905543464571,3,8,2.6666666666666665,9,0,1.0,0.0038733682623051046,imcue,True
2.611459155292423,1,0,0.0,1,0,0.016666666666666666,0.3829276816271029,FairyMadelyn24,True
76.8134281480533,5,50,10.0,28,0,0.000722543352601156,0.7160206402191917,SojuLantern,True
2037.9128664349737,8,2,0.25,10,1,0.25,0.004906981139725329,Thebluepill13,True
0.24184723742306233,2,0,0.0,2,0,2.0,2.0,Over_Anywhere_7518,True
103.27614187657834,21,50,2.380952380952381,25,1,0.003478548948153056,0.6874772692888701,Pamperme-Daddy,True
473.75163214133846,1,0,0.0,0,0,0.16666666666666666,0.0,Hot-Definition-2505,True
38.747688099374926,15,50,3.3333333333333335,9,1,0.09433962264150944,1.6775194389223076,LustFindingTears,True
8.006002765689734,1,1,1.0,1,0,1.0,0.24981255422133192,Certain-Werewolf-846,True
4987.004802348285,23,50,2.1739130434782608,39,1,0.03299856527977044,0.014638044857230878,I-Sac,True
1920.0519911961753,1,0,0.0,1,0,0.012048192771084338,0.000520819230200641,kiddiepoolkara,True
1890.2673171397244,1,4,4.0,3,0,0.2,0.0021161028198131457,Full_Seat_6880,True
0.11484924089577463,1,0,0.0,1,0,1.0,1.0,Powerful-Jury-9124,True
1850.528858993677,1,15,15.0,15,0,0.5,0.008646176968405047,Academic_Bandicoot_6,True
107.62655188324275,50,50,1.0,14,1,0.006553938917289291,0.9291387510814588,Automatic_Fig153,True
14.297640910741908,8,0,0.0,8,0,0.0049813200498132005,0.5595328662919173,Sad_Reserve_2434,True
2.9992851470300446,6,0,0.0,6,0,0.02158273381294964,2.00047668223254,Most_Ship1190,True
9.139136203279097,50,50,1.0,39,1,0.06578947368421052,10.94195313164501,Typical_Toe_3610,True
2.9775557342971917,6,0,0.0,6,0,0.020689655172413793,2.015075630957488,North_Yam2787,True
450.89242265671214,4,8,2.0,7,1,4.0,0.026613887031621784,Short_Story_434,True
2554.1637474613995,2,0,0.0,2,0,0.00641025641025641,0.0007830351526944243,kthomason91,True
7.012478031513315,1,0,0.0,1,0,0.5,0.1426029422846116,Sophie_Hentai,True
1969.5414170885003,20,50,2.5,26,0,0.03690036900369004,0.035541268334168055,mendaith,True
210.8655789982003,1,0,0.0,0,0,0.25,0.0,Powerful_Method932,True
2527.3299610704516,8,34,4.25,9,1,0.10810810810810811,0.01661832868954352,Hitler_is_dad6969,True
3407.255765239188,2,0,0.0,2,0,0.005154639175257732,0.0005869826446267971,Brogantimmons,True
1002.2337076112766,1,1,1.0,1,0,0.004545454545454545,0.0009977712707182835,lamando66,True
0.06910836210405386,2,0,0.0,2,0,0.012269938650306749,2.0,TinyBreakfast6510,True
3035.0986037286702,4,7,1.75,5,1,0.06349206349206349,0.0036242644593115735,HeavyBoulder,True
1930.1933208138635,39,50,1.2820512820512822,35,1,0.02411873840445269,0.04610937103568116,master_lop,True
3365.8916093695166,1,0,0.0,0,0,5.746135723725794e-05,0.0,Mr_Sundae,True
1747.0185090102339,1,0,0.0,0,0,0.0005089058524173028,0.0,CabinetDependent211,True
486.916798633911,19,50,2.6315789473684212,38,1,0.59375,0.14170798829201564,Insertname225,True
0.5144333075897561,2,1,0.5,2,0,2.0,3.0,bigbabysteph122,True
20.4736160763905,1,9,9.0,5,0,0.2,0.4395901518529745,BangTheoryGal,True
5033.0275683838845,1,0,0.0,0,0,0.000697350069735007,0.0,mr_silent_s,True
2136.7895837079705,1,0,0.0,0,0,0.00034626038781163435,0.0,K-Webb-2,True
1572.6738413748255,2,14,7.0,7,0,0.5,0.01017375604468175,Far-Article1753,True
3.297386236152163,3,0,0.0,3,0,0.011857707509881422,0.9098115249916268,HotPiano2902,True
2162.100876645976,37,50,1.3513513513513513,41,1,0.016547406082289804,0.04023864054620863,Timmerken,True
447.7793720491589,14,1,0.07142857142857142,9,1,1.1666666666666667,0.03349864003639999,Guilty-Mastodon1187,True
0.08482759197828946,3,2,0.6666666666666666,3,0,0.375,5.0,Sea-Proposal-4927,True
69.17383025209936,2,2,1.0,3,0,0.05555555555555555,0.057825336336332245,CherryVelvet_,True
0.08387039366143721,8,0,0.0,2,0,0.22857142857142856,8.0,Forsaken-Stranger-74,True
3.5625289461706524,6,0,0.0,6,0,0.023622047244094488,1.6841968418107522,Wise_Mouse1126,True
1882.7705920625754,9,6,0.6666666666666666,14,1,0.024725274725274724,0.007966982309601245,AcheloisX91,True
2033.7735799033444,2,0,0.0,2,0,0.1,0.0009833936381920404,zla24,True
535.3975709546137,17,1,0.058823529411764705,18,1,0.008881922675026124,0.03361987610049483,Bonzer1uk,True
0.10488849491156914,1,1,1.0,1,0,1.0,1.0,Mission-Lab-5497,True
1757.3311158807908,11,13,1.1818181818181819,13,1,1.0,0.01365707337855392,No_Conflict9449,True
4080.6903328002713,10,50,5.0,23,0,0.005099439061703213,0.014703394550114393,fatfreebird,True
2.2863789013331686,1,5,5.0,5,0,0.2,2.186864126975866,BurritoBabe_1,True
2013.5726751004822,5,50,10.0,8,1,0.1111111111111111,0.02731463367581474,Organic_Atmosphere,True
1013.924787042933,43,50,1.1627906976744187,18,1,0.07570422535211267,0.09172277982396546,magicelves,True
71.80918420163293,2,3,1.5,3,0,2.0,0.06962897651030968,PetalBlush_,True
0.1080208535299257,1,0,0.0,0,0,1.0,0.0,After-Resolution-669,True
3.0347131852584854,6,0,0.0,6,0,1.5,1.9771225923905367,Only-Protection-7214,True
156.31120951109463,50,5,0.1,50,1,0.037257824143070044,0.35186216121049346,shanesy1,True
2462.2091834719176,9,40,4.444444444444445,26,0,0.030716723549488054,0.01990082740691673,breada19,True
2049.1214859547,1,1,1.0,1,0,0.0031847133757961785,0.0009760280265023848,maxariz,True
2.4297673185004127,12,0,0.0,2,0,1.3333333333333333,4.938744508015722,Practical-Rabbit-155,True
2066.014100969547,10,38,3.8,21,0,1.0,0.023233142492819568,d1ne5y,True
240.2773503382035,1,3,3.0,3,0,1.0,0.012485571344021134,NegotiationWeekly734,True
2.141673940922375,4,0,0.0,2,0,4.0,1.8676979364455832,Low-Bat-5286,True
581.7522057201934,1,0,0.0,0,0,0.000392156862745098,0.0,Vanilla_swurl,True
41.37354416812735,15,7,0.4666666666666667,17,1,0.006289308176100629,0.5317407643541446,CollegePersonal6144,True
2438.89711270084,37,7,0.1891891891891892,27,1,0.37,0.018040941444747664,josh3023,True
1185.7024128223377,23,4,0.17391304347826086,20,1,3.2857142857142856,0.022771312352929826,randomfugsjdifif,True
26.037814525848738,1,31,31.0,8,1,0.0196078431372549,1.1905761126466705,GigiWaffles,True
2903.0369360498944,2,16,8.0,11,1,0.04,0.006200403369477017,bullweiser89,True
2251.7894446085256,1,0,0.0,0,0,0.00034340659340659343,0.0,brantom,True
4.539541518495039,17,2,0.11764705882352941,18,1,3.4,4.185444702419845,rasfwnhp,True
1778.7566136752594,9,4,0.4444444444444444,7,1,0.17307692307692307,0.007308475988257582,Due-Pain2555,True
4447.146675860854,49,50,1.0204081632653061,30,1,0.002481766612641815,0.022261464983238072,Micinak,True
1850.9999000519872,50,15,0.3,34,1,0.0576036866359447,0.03511615532673687,Massive_Principle522,True
68.03758010913377,50,31,0.62,27,1,0.005861664712778429,1.1905185321123153,BlushPeeve,True
28.26503837891475,50,50,1.0,52,1,0.006585879873551107,3.5379396503702734,Amazing_Rub3175,True
5099.32447325826,50,50,1.0,38,0,0.01124859392575928,0.01961044066217345,Enailis,True
5024.548513713112,3,50,16.666666666666668,17,1,0.0024896265560165973,0.010548211417473868,dodonnell,True
744.9773567224404,1,1,1.0,2,0,1.0,0.0026846453545904874,Few-Grapefruit2128,True
49.33439233723338,4,20,5.0,5,0,0.5714285714285714,0.48647604364809116,me51678,True
793.7529501786387,2,0,0.0,2,0,0.6666666666666666,0.0025196756743390857,Odd_Tough_2684,True
251.45376165390016,10,3,0.3,11,1,0.2564102564102564,0.05169936577800392,Extension_Two_4399,True
2663.3959092297214,3,47,15.666666666666666,25,0,0.0012082158679017317,0.01877302575510092,-GMLE-,True
15.709358684023222,1,2,2.0,1,0,1.0,0.12731264466155742,chrushhorn4,True
64.9219712310174,18,9,0.5,17,0,1.8,0.4158838600868047,Exciting_Key3771,True
4968.7753256771275,37,50,1.3513513513513513,53,1,0.0016574833131747526,0.0175093447172808,7hriv3,True
71.83771865066555,2,2,1.0,2,0,2.0,0.055681055511399395,GlowPeony_,True
1157.0723234994102,8,50,6.25,46,1,0.17391304347826086,0.05012651225170331,Perfect-Number-4915,True
19.785786120772915,1,17,17.0,13,0,0.03571428571428571,0.8592026567067688,TacoTease10,True
2259.368185266185,5,18,3.6,11,1,0.002240143369175627,0.010179837066834807,7Sneezes,True
30.500816958140994,6,34,5.666666666666667,7,1,0.0048115477145148355,1.3114402822355737,BoldGleams,True
1956.330024747611,15,50,3.3333333333333335,47,1,0.0012985888667647822,0.03322547789879458,gianniskouremenos3,True
61.781689398876495,1,0,0.0,1,0,0.04,0.016186025499299234,sirmixedalot23,True
2.6172492151210704,4,0,0.0,4,0,0.06349206349206349,1.52832217004408,LovelyAllison46,True
1689.2312383676237,1,16,16.0,4,1,0.0024937655860349127,0.009471764218297006,NeckNo1050,True
4892.775836524903,1,0,0.0,0,0,1.1519277510914516e-05,0.0,sewa97,True
1417.1674537272972,4,2,0.5,5,0,4.0,0.0042337974840018925,Status-Anxiety6617,True
3880.818366439745,32,50,1.5625,24,0,0.0031545741324921135,0.021129563988130325,unloadedboar,True
4.449179205519182,16,0,0.0,16,0,0.5161290322580645,3.5961689248551933,Character_Reply_3745,True
1.5760856914547858,1,0,0.0,0,0,1.0,0.0,Dhanush_277,True
3939.8670497017492,6,13,2.1666666666666665,7,0,0.2857142857142857,0.004822497754445373,joan69lama,True
0.16664131680572475,1,0,0.0,1,0,1.0,1.0,LargeSkirt8911,True
2463.9840426344313,16,3,0.1875,18,1,0.0622568093385214,0.0077110888996203344,yy0141,True
2012.3885336532417,6,1,0.16666666666666666,4,0,0.8571428571428571,0.003478453530686924,Yazaghal,True
2100.9248835380486,3,6,2.0,6,0,0.0967741935483871,0.004283827599225542,OrngJuiice,True
2163.6814948861193,6,22,3.6666666666666665,13,1,0.07792207792207792,0.012940906536464934,feistyvirgo,True
0.14862645038851985,1,0,0.0,1,0,0.5,1.0,ScarletFox99,True
24.621578909329795,9,15,1.6666666666666667,10,0,0.0015977276761938576,0.9747547096139207,GildedDoll,True
32.45789009015317,2,5,2.5,4,1,0.004545454545454545,0.21566404903575687,Initial-Shoe-7288,True
646.932557006666,4,45,11.25,44,1,1.3333333333333333,0.07574205296873798,SonomaValleyRoleplay,True
4.784217821867378,20,7,0.35,11,1,0.035211267605633804,5.643555750448952,sierra_sky27,True
2441.1076959578527,7,5,0.7142857142857143,9,0,0.18421052631578946,0.004915801142190651,dyslexicbutnotreally,True
1381.6567738342699,11,6,0.5454545454545454,14,1,5.5,0.012304068797652893,InitialTension8916,True
4.508690056646311,13,2,0.15384615384615385,14,1,13.0,3.3269086611727343,filkbcwa,True
2769.9172518418895,1,0,0.0,0,0,0.0001306506401881369,0.0,Simsim123454321,True
2005.8396440487272,6,0,0.0,6,0,0.0005380200860832137,0.002991266035548674,goyongj,True
0.2785346001634995,2,0,0.0,1,0,2.0,2.0,Fragrant-Instance-33,True
0.15813812717795372,6,0,0.0,6,0,0.24,6.0,No-Condition3245,True
982.2225755834359,9,0,0.0,9,0,9.0,0.009162892631188038,Physical_Diver_2866,True
4610.870870136086,29,50,1.7241379310344827,28,1,0.021183345507669833,0.017133422779560162,hienyimba,True
1.1825486496504811,25,9,0.36,21,0,1.6666666666666667,28.751459832159277,Ambitious_Berry_5692,True
4.503985517861115,11,3,0.2727272727272727,12,1,11.0,3.1083581295901723,tilvkoms,True
0.855660809615144,2,1,0.5,2,0,2.0,3.0,Cautious-Bonus-7893,True
304.69748494996793,5,23,4.6,18,0,0.23809523809523808,0.09189442441442426,givemeaname23,True
4.510459775844658,7,2,0.2857142857142857,8,1,2.3333333333333335,1.9953619912982379,norlphxi,True
1085.3120068333187,1,1,1.0,1,0,1.0,0.0009213940265138697,Wide_Bookkeeper_5376,True
20.030194591214812,4,0,0.0,4,0,0.23529411764705882,0.19969850925733837,Electronic-Bit-6032,True
4.5056595099110295,12,2,0.16666666666666666,13,1,12.0,3.1072032782780004,liltkyir,True
2590.807978557688,1,0,0.0,0,0,0.0002947244326554671,0.0,ValienteChaparro,True
4383.65273423246,50,50,1.0,40,1,0.002583445282628914,0.02281202596617388,TyphoonBlizzard,True
30.520915015533014,1,1,1.0,1,0,0.5,0.03276441743280206,CherryFrost_18,True
3.3161725951841583,6,0,0.0,6,0,0.021897810218978103,1.8093147530117621,Dismal-Pin5194,True
2.6631708302431636,2,0,0.0,2,0,0.03278688524590164,0.7509844946061488,MagicKennedy23,True
0.17573418411391753,4,0,0.0,4,0,4.0,4.0,InnerInevitable9675,True
41.65203039033821,1,0,0.0,0,0,0.06666666666666667,0.0,Impossible-Day-4725,True
31.397767008278105,1,37,37.0,15,0,0.015384615384615385,1.1784277522106859,Longjumping_Tone_469,True
601.7029700743407,10,33,3.3,16,1,0.00744047619047619,0.0714638320543562,amelikare,True
5961.471987869742,1,0,0.0,0,0,4.588292512824278e-06,0.0,LtCmdrData,True
1769.5650909720416,6,50,8.333333333333334,30,1,0.21428571428571427,0.03164619390702299,defino321,True
1140.0286711114811,3,3,1.0,3,0,1.5,0.0052630255291301106,tac0dog19,True
3.948219055928014,1,15,15.0,2,1,0.16666666666666666,3.7991812985853457,FoxyLace7,True
51.599169279350726,5,0,0.0,4,0,0.0390625,0.09690078483493979,Lolao_Birchs,True
22.328864992978396,1,0,0.0,0,0,0.01818181818181818,0.0,WeirdImpo,True
0.23212508791298778,4,16,4.0,2,1,0.058823529411764705,20.0,Hungry-Theory4181,True
0.1693593268206826,1,1,1.0,1,0,0.0008012820512820513,2.0,DramaticJackfruit710,True
32.49081377913003,4,6,1.5,6,1,0.041237113402061855,0.30777930242003804,DiscussionLocal1279,True
112.67100544320489,21,1,0.047619047619047616,14,1,0.006278026905829596,0.19525875280388566,GovernmentNo5341,True
3399.650198094922,3,0,0.0,3,0,3.714388302153107e-05,0.000882443729558154,musigalglo,True
0.18520463210565072,15,0,0.0,3,0,2.5,15.0,TieAltruistic256,True
1652.4471843579522,9,3,0.3333333333333333,10,1,0.1267605633802817,0.007261956759400164,Queasy_Engineering40,True
23.135930592861992,1,27,27.0,8,0,0.006896551724137931,1.1670159491371472,OkProcedure7640,True
2012.7890953736367,3,5,1.6666666666666667,3,1,0.02112676056338028,0.0039745843309603925,jeremylabr,True
66.30667836321724,1,3,3.0,3,0,0.0029239766081871343,0.045244311343217734,SheWhoBloomz,True
2.916358275493538,2,1,0.5,3,0,0.010050251256281407,1.0286801951630264,Reasonable_Tap_3733,True
0.25812846196746386,3,0,0.0,3,0,1.0,3.0,Fun_Light_6475,True
63.27392335656341,3,4,1.3333333333333333,5,0,0.001488095238095238,0.11063009259838934,fairylike_luv,True
33.31423664132202,1,1,1.0,1,0,0.038461538461538464,0.030017196874912895,SilkenCaress,True
4.156930711360442,1,0,0.0,0,0,0.0045662100456621,0.0,Mission_Salt2080,True
66.32244427533337,1,1,1.0,1,0,0.011494252873563218,0.01507785201414719,PastelStrike,True
51.25892477603974,1,2,2.0,2,0,0.01694915254237288,0.03901759564287372,CozyGoddesss,True
0.8301371372187579,1,0,0.0,0,0,1.0,0.0,Away_Ring_4494,True
4.499932842867242,12,2,0.16666666666666666,13,1,12.0,3.111157541426676,lelhvras,True
1764.806445818618,3,0,0.0,3,0,0.009375,0.0016999031293816636,elephantwhirlpool,True
1151.1393787923482,1,7,7.0,5,0,0.001092896174863388,0.006080931752455249,Ok_Block_3770,True
1418.9465204554658,1,18,18.0,13,0,0.0019047619047619048,0.012685467521511807,SubstantialBear1173,True
1828.2430653905456,50,29,0.58,28,1,0.0024186136506554445,0.043210884534723604,kimero123,False
0.2716915365750039,6,0,0.0,2,0,1.2,6.0,Calm_Recording_9560,True
399.81982570409224,2,0,0.0,2,0,0.4,0.0050022531936177814,Brave-King9209,True
2173.830501108462,1,6,6.0,3,0,0.005649717514124294,0.0027601047997718904,jylek,True
294.5536528181947,27,31,1.1481481481481481,19,1,0.039301310043668124,0.1969080995773593,deluluu09,True
2653.9139839816285,1,0,0.0,0,0,0.00033818058843422386,0.0,MossEaten,True
0.26406731652440846,5,0,0.0,2,0,0.38461538461538464,5.0,Effective_Watch6972,True
0.18503662470866133,1,0,0.0,0,0,0.25,0.0,Sweaty-Student-5459,True
32.51812069905025,1,7,7.0,5,1,0.0002037905033625433,0.2460166771025502,Better-Insurance2357,True
2359.274869706639,9,4,0.4444444444444444,11,1,0.36,0.005510167622654527,FreeTormund,True
4.496081164619989,16,2,0.125,17,1,3.2,4.0034864454057,lapcyvok,True
4679.812266848926,1,0,0.0,0,0,0.000281610813855252,0.0,SirSteelNips,True
1149.6249316037447,4,4,1.0,4,1,0.020833333333333332,0.006958791324088523,Wild_Clerk_2647,True
2017.32609273679,1,0,0.0,0,0,0.00010370216737529814,0.0,Darsh_Kumar35,True
888.7654816851489,4,24,6.0,14,1,0.2,0.03150437385001771,Krisaaa1_,True
44.35473699380954,1,5,5.0,3,0,0.007407407407407408,0.1352730374849794,JuliaVibid,True
453.36822617806496,8,24,3.0,13,0,0.0036380172805820826,0.07058280257035851,CrackUpThatStock,True
3866.580552714423,1,0,0.0,0,0,2.04997847522601e-05,0.0,Blackie2414,True
18.73826875809166,1,0,0.0,0,0,0.016129032258064516,0.0,kinojq1,True
1214.6732879187498,28,50,1.7857142857142858,32,1,0.01700060716454159,0.06421479814843632,SimonTheWeirdo,True
18.75524943990012,7,18,2.5714285714285716,10,1,0.0625,1.3329601443111032,spicyymirage2,True
1495.7015337571722,15,50,3.3333333333333335,2,1,0.09803921568627451,0.04345786811939766,No-Jackfruit8230,True
2609.0787524651846,25,32,1.28,17,1,0.43859649122807015,0.021846791686967525,Psychotic_Jujus,True
3.3788048130687742,8,0,0.0,8,0,0.025396825396825397,2.367701137709124,Striking_Dingo8225,True
119.88299218548117,1,0,0.0,0,0,0.2,0.0,No_Dragonfly_9143,True
2232.1302058515203,4,50,12.5,16,0,0.004439511653718091,0.024192137115675073,doodicussonofdood,True
4.493082129919419,10,2,0.2,11,1,1.6666666666666667,2.6707724570828653,rakbslym,True
32.67661090569916,3,10,3.3333333333333335,6,0,0.004335260115606936,0.3978380756044887,Content-School-2116,True
0.19646313138858035,4,0,0.0,4,0,1.0,4.0,Few-Task3999,True
0.19320832894356163,1,0,0.0,1,0,0.07692307692307693,1.0,Effective_Joke_354,True
264.2014008795801,13,25,1.9230769230769231,9,1,6.5,0.14382966885675202,Slight-Investment-76,True
13.361431787223728,6,18,3.0,4,1,0.02247191011235955,1.7962146858354602,AplikaAtHome,True
95.01858058636387,1,1,1.0,1,0,0.14285714285714285,0.021048514802661875,Spare-Hour7762,True
97.43863098658069,2,0,0.0,2,0,0.25,0.02052573994266649,Excellent_Height_112,True
369.07871523387456,2,13,6.5,13,0,2.0,0.04064173679182483,Bored_ASF21,True
2.6630136907321433,6,2,0.3333333333333333,5,0,0.046875,3.0041152352470846,CloudySarah25,True
2204.914757171508,1,0,0.0,0,0,0.0024449877750611247,0.0,OuSarahcuda,True
179.46926229868498,1,0,0.0,0,0,0.014492753623188406,0.0,Adorable-Pumpkin-163,True
3374.448626665713,13,2,0.15384615384615385,13,0,0.03117505995203837,0.004445170651426238,seitman,True
179.4576382559593,1,0,0.0,0,0,0.05263157894736842,0.0,Proof-Occasion7093,True
179.46003554005313,1,0,0.0,0,0,0.16666666666666666,0.0,Ok-Barracuda-358,True
32.67762514078231,1,9,9.0,5,0,0.00423728813559322,0.30601979051163686,Entire_Copy760,True
179.47006958811923,1,0,0.0,0,0,0.027777777777777776,0.0,One_Television_861,True
179.44399587066084,1,0,0.0,0,0,0.1111111111111111,0.0,Smooth_Purple6116,True
2928.5677765908645,5,0,0.0,5,0,1.6666666666666667,0.001707319202228088,jasper1202,True
1.047684592499777,10,1,0.1,7,0,2.5,10.499343102635482,Ok-Definition9083,True
179.46170225762384,1,0,0.0,1,0,0.023809523809523808,0.005572219517702242,Artistic_Durian5533,True
20.720868596144847,10,29,2.9,14,1,0.06802721088435375,1.8821604808234738,Lilpiinkelii,True
10.286531343449045,1,0,0.0,0,0,0.002457002457002457,0.0,_ojasgambheera,True
2681.6332326007496,1,0,0.0,1,0,0.014705882352941176,0.00037290707313847023,AfghanNoodle,True
2191.5726841337373,1,0,0.0,0,0,0.0006784260515603799,0.0,zahector,True
1266.9246417705135,1,0,0.0,0,0,0.001876172607879925,0.0,koduuu16,True
1938.2691681644376,19,11,0.5789473684210527,14,1,0.37254901960784315,0.015477726464797628,Earth-Administrative,True
2536.379703924355,50,50,1.0,8,1,0.016123831022250887,0.03942627353675686,ante43,True
2.6801320676174427,3,3,1.0,3,0,0.038461538461538464,2.238695649552009,SoftiePeyton28,True
53.8208910754047,3,1,0.3333333333333333,3,0,3.0,0.07432058295719925,Then-Print3116,True
44.29309248685837,1,4,4.0,3,0,0.2,0.11288441874957106,LunaBaggit,True
2573.7700377735414,50,8,0.16,9,1,0.09328358208955224,0.02253503582245962,TipTapTopMan,True
50.54609377345553,9,50,5.555555555555555,28,1,0.0035280282242257936,1.167251425291821,SupremeBootyO,True
7.304103173011983,7,0,0.0,7,0,0.5,0.9583654329890058,Therealfireava8197,True
38.272759085151336,15,3,0.2,15,0,0.04838709677419355,0.47030839767659843,Pure-Chance-6389,True
0.22672305374785706,15,0,0.0,5,0,7.5,15.0,Familiar-Ad3148,True
4.481747424743242,9,2,0.2222222222222222,10,1,9.0,2.454399803806478,kafapzyw,True
50.43371825262352,1,0,0.0,1,0,0.018867924528301886,0.019828004649408947,Aadhirahitty1,True
237.3796074083613,44,50,1.1363636363636365,36,1,0.0704,0.39599020752567393,Kind-Big3448,True
2077.4091197858997,5,4,0.8,6,0,0.13513513513513514,0.004332319481165824,romero69420,True
1852.1429451873623,10,50,5.0,10,1,0.17857142857142858,0.03239490783144193,Jwillie1084,True
504.2949666919697,1,0,0.0,0,0,0.0009487666034155598,0.0,Sad-Shine4206,True
2092.8989181391703,1,0,0.0,0,0,0.0007002801120448179,0.0,ArkenTheAmerikan,True
2429.8439406420316,1,0,0.0,0,0,0.045454545454545456,0.0,Da_sage008,True
138.39706005797893,50,50,1.0,53,1,0.005485463521667581,0.7225587014500656,Pearly_Fizz09,True
3.3985473316576744,7,0,0.0,7,0,0.023333333333333334,2.059703548864709,Active_Fee_7380,True
3218.0987502608036,16,9,0.5625,23,0,0.2077922077922078,0.007768562104557522,Bradwilko,True
103.66303124315209,5,29,5.8,10,0,0.0030656039239730227,0.32798577846184696,CherryRiotIn,True
1.276544267606956,2,0,0.0,2,0,2.0,1.5667298430231906,Ok-Mention-4087,True
2193.264861833983,2,6,3.0,4,0,2.0,0.0036475302820063835,Robi3357,True
3007.6374440147974,3,0,0.0,3,0,0.25,0.0009974606500427782,MissHollyweed,True
4280.624898562078,11,3,0.2727272727272727,9,1,2.75,0.0032705505228226837,KunivaAka,True
0.2638841439397247,1,0,0.0,1,0,0.007575757575757576,1.0,Ava_Ammaire,True
616.8317807402213,6,27,4.5,19,1,3.0,0.053499188969152595,j-slayer_1369,True
889.4057071372259,1,0,0.0,0,0,0.011627906976744186,0.0,GloveParticular8971,True
55.94571126958562,1,20,20.0,7,1,0.023255813953488372,0.35748942226556013,Legal-Leave-6511,True
21.32984165137565,2,3,1.5,5,0,0.008097165991902834,0.23441336704332869,Zestyclose_Fox_5042,True
1162.104603891105,1,0,0.0,1,0,0.0002469135802469136,0.0008605077345461623,Beginning-Throat-547,True
406.92620783741273,50,50,1.0,25,1,0.026525198938992044,0.2457448010818585,Is-alayza,True
1343.015603932134,3,6,2.0,6,1,0.08571428571428572,0.006701336882199616,ParsnipOk2604,True
0.5245755061865957,3,1,0.3333333333333333,3,0,0.15,4.0,KimKimBerry,True
0.2820153193755282,1,0,0.0,1,0,0.014084507042253521,1.0,Amilia_Marveen,True
2944.122949840142,4,49,12.25,20,1,0.0213903743315508,0.018001965577856643,MtNickalaycia,True
3.4931574732313555,1,9,9.0,1,0,0.0058823529411764705,2.576465581345385,PlayfulVixen6,True
44.26025533578462,1,3,3.0,3,0,0.5,0.0903745351140345,LunaBoozedxs,True
1275.9794943598217,1,3,3.0,2,0,0.5,0.00235113496201218,Zannott,True
0.2732068173476943,1,0,0.0,1,0,0.016129032258064516,1.0,rinova_macgrils,True
0.28177600349265114,1,0,0.0,1,0,0.020833333333333332,1.0,stela_juleya,True
1293.0064662616562,13,1,0.07692307692307693,11,0,1.0,0.010827478721337595,TapLittle7779,True
93.49404361517617,5,0,0.0,4,0,5.0,0.05347934271171462,Technical-Square-362,True
43.49234606864552,1,4,4.0,2,0,0.008264462809917356,0.11496275671375193,LunaWoozitss,True
2619.745465690226,11,50,4.545454545454546,22,1,0.023809523809523808,0.02328470486880995,cheesusmaster,True
1665.9999524447874,17,2,0.11764705882352941,15,1,0.06719367588932806,0.011404562150267934,Used_Monitor_1292,True
1.4163850306416,1,15,15.0,3,1,0.034482758620689655,10.590340673965777,Entire_Storage296,True
1121.284190458236,27,50,1.8518518518518519,28,0,0.6136363636363636,0.06867126162595083,Practical-Echo1732,True
2.440423103052157,1,0,0.0,0,0,0.004464285714285714,0.0,Sufficient-Poet-3621,True
129.14213687502124,3,0,0.0,3,0,1.0,0.023230218057358646,TwistedDreams2007,True
593.8748936259553,1,50,50.0,19,0,0.02631578947368421,0.08587667292788725,GBBU1,True
1839.610082826733,11,50,4.545454545454546,35,0,0.00014602609884639383,0.0331592007292479,No-Letterhead-4407,True
635.3720071973403,8,50,6.25,26,0,0.004171011470281543,0.09128510438450237,Normal_Ad_6645,False
1.8808074614791959,3,0,0.0,3,0,0.09375,1.5950596014972178,FairyGabriella48,True
36.95207562126771,1,50,50.0,24,1,0.0002635740643120717,1.3531039639684699,BunsMcNuggets,False
2707.029574309008,23,50,2.1739130434782608,33,1,0.0003903068150963888,0.026966827659662296,Later_Doober,False
1869.3948768108476,6,50,8.333333333333334,35,1,0.006,0.029956217755092465,nefaariowarbear,False
2042.7613503476564,20,50,2.5,34,0,7.281332483844543e-05,0.034267341110642585,TwoIdleHands,False
1.2353459487607081,1,0,0.0,0,0,0.03571428571428571,0.0,OliviaWoodtiiny,True
1807.1636474453105,1,50,50.0,26,1,0.002890173410404624,0.02766766588664081,Desperate-File-3230,False
561.089474111547,1,0,0.0,0,0,0.00030950170225936243,0.0,Seth_Mithik,False
3160.927938465137,8,25,3.125,17,1,0.013445378151260505,0.010439972262076916,trk_rocks,True
528.1302807730023,1,50,50.0,13,1,0.015873015873015872,0.09467360956243048,Bigfish1851,False
3265.8560242751546,1,0,0.0,0,0,5.550159567087554e-06,0.0,MoreRamenPls,False
2993.9957921257783,50,50,1.0,54,0,0.0003376963704394105,0.03340018054233758,2407s4life,False
619.0138903767174,1,0,0.0,0,0,1.4233457164410663e-05,0.0,LionBig1760,False
0.9770542257665484,1,1,1.0,1,0,0.0136986301369863,2.0,Nice-Decision5024,True
1945.6987529285445,5,17,3.4,4,1,0.006402048655569782,0.011306991879851375,Bubbleteaze,True
64.3176365718963,1,50,50.0,11,1,1.0,0.7929395841992822,Visible-Angle-2711,False
1254.2867501115963,6,50,8.333333333333334,19,0,0.03225806451612903,0.04464688795844935,Remarkable_Edge_4582,True
2375.8682275368906,50,50,1.0,49,1,0.0005318356840470568,0.04208987638328409,XR3TroBeanieX,False
296.6728969109417,1,50,50.0,20,1,5.9070234508831e-05,0.17190650218145712,MaleficentWindow8972,False
412.45129454308915,37,50,1.3513513513513513,18,0,0.0039657020364415865,0.21093399669499893,LearnGrowExist,False
903.52501397565,30,50,1.6666666666666667,28,1,0.0008375209380234506,0.0885420976315726,dirk-diggler82,False
408.3761556495588,1,50,50.0,21,1,0.0002848191398461977,0.12243613959407235,Emotional-Boat-4671,False
1803.485502756903,11,50,4.545454545454546,36,1,0.001441866561803644,0.03382339359354549,Specialist-Essay-726,False
1348.0169068574712,1,4,4.0,4,0,0.14285714285714285,0.0029673218337631195,Harman361__,True
0.29806625213887955,2,0,0.0,1,0,0.6666666666666666,2.0,LonelyEnergy5943,True
32.66348721188252,2,11,5.5,3,0,0.00021283388315419816,0.3979979209100118,Character_Let3309,True
2.8326403655663683,3,3,1.0,3,0,0.021739130434782608,2.118165112993558,PinkyElla29,True
0.3082351795252826,1,0,0.0,1,0,0.013888888888888888,1.0,alise_mairex,True
1794.9486152276618,46,50,1.0869565217391304,39,0,0.0006313217956987772,0.05348342519979262,Dizzzy777,False
149.98981268576173,1,50,50.0,26,1,0.002277904328018223,0.3333559733470246,r117sr,False
35.22879108132036,1,50,50.0,24,1,0.021739130434782608,1.4192936647920313,Livid_Swordfish_5525,False
421.11169827084024,50,50,1.0,36,1,0.0006746727836999055,0.23746668736731333,greedygirlmariee,True
322.2089533185517,8,2,0.25,9,1,0.38095238095238093,0.031035760791269833,Immediate-Long-6760,True
748.515480430093,1,4,4.0,1,0,0.5,0.005343910853656121,New_Advice_5091,True
1404.721569456974,6,50,8.333333333333334,37,1,0.0005039052658100278,0.03986555144992045,alfalfa-as-fuck,False
5122.019433139028,1,0,0.0,0,0,7.746533426291734e-05,0.0,sweetheart4012,False
1804.3318196107448,1,50,50.0,40,0,1.0,0.028265310984208227,SnooMachines4347,False
523.8083432143982,1,50,50.0,7,1,0.021739130434782608,0.09736385580846957,Sorry_Pop4672,True
1728.3004057509784,1,50,50.0,25,0,0.0019455252918287938,0.028930155795614754,GroundbreakingCod132,False
1911.9581584824925,25,50,2.0,50,1,0.0001344512506655337,0.03922679984771579,Grouchy-Engine1584,False
1621.7151211019855,50,50,1.0,38,1,0.0018270179413161836,0.06166311129420077,Accomplished-Loss387,False
842.0538469573331,23,50,2.1739130434782608,38,1,0.0008016451151929176,0.0866927931791741,PragmaticPacifist,False
348.15781515820436,4,50,12.5,36,1,0.00021701388888888888,0.15510207626809175,DysfuhKingeye,False
1543.3333822806815,1,50,50.0,28,1,0.00012376237623762376,0.033045355323445456,TpK_Wynter,False
1884.0061789509818,17,50,2.9411764705882355,41,0,0.009781357882623706,0.0355625160620788,BigBootyBasilisk,False
109.11929613173008,1,0,0.0,0,0,8.528639170333982e-06,0.0,AmputeeHandModel,False
2720.3226521365373,50,50,1.0,41,1,0.00030807716716883246,0.03676034529266598,buckao,False
2740.996274713344,1,0,0.0,0,0,5.598790661217177e-05,0.0,perashaman,False
440.42886458230794,12,50,4.166666666666667,22,1,0.000496134287013685,0.1407718816494902,intothewoods76,False
746.9654588741203,15,50,3.3333333333333335,42,0,0.008695652173913044,0.08701874929795636,Sad_Security_2550,False
393.91690983359183,50,50,1.0,16,1,0.0017717302717834237,0.2538606429519476,Maryjanegangafever,False
20.456584360193876,1,3,3.0,2,0,0.017857142857142856,0.1466520484151621,ClimaximumBabe,True
405.1403626359999,2,50,25.0,27,1,0.0002955956251847473,0.12835057870232403,Little-Trucker,False
752.0547696271676,14,15,1.0714285714285714,14,1,0.208955223880597,0.03856102131281847,Upstairs-Radio-1780,True
1627.181436769071,50,50,1.0,40,1,0.005305039787798408,0.06145596166495105,Kaabob24,False
107.29874632740739,1,50,50.0,16,1,0.00040716612377850165,0.4659886691260294,New-Bar-420,False
896.1651397663879,50,50,1.0,35,1,0.0007478648458650553,0.11158657658349438,Bioth28,False
4990.6033455007055,50,50,1.0,53,0,3.1095842361492896e-05,0.020037657388691354,sonofaresiii,False
45.33268912307642,6,23,3.8333333333333335,13,1,0.004552352048558422,0.6397149730355984,SnackHoe3,True
32.66501393302171,3,9,3.0,9,0,0.0004701457451810061,0.3673655252254144,Flimsy_Ad6943,True
747.1321990055343,11,50,4.545454545454546,33,1,0.00013480226958002966,0.08164552415381598,BoomerSoonerFUT,False
238.0410544040606,1,50,50.0,22,1,0.0002048760499897562,0.21004780089373978,MobileCreepy7213,False
28.984970467576275,1,1,1.0,1,0,1.0,0.03450063891279928,affiliates18,True
23.206358990862412,1,0,0.0,0,0,0.0009157509157509158,0.0,Every-Ice-3009,False
1638.8081530328895,2,50,25.0,26,1,3.826359792611299e-05,0.03173037667878652,Famous-Example-8332,False
2557.223797810635,2,50,25.0,31,1,0.0002845354958031014,0.020334551885728483,TrevorMalibu,False
4.607694123925434,1,0,0.0,0,0,0.5,0.0,kakotauy,True
1654.8082680020316,6,1,0.16666666666666666,5,1,1.2,0.004230097308162232,peygibbs98,True
0.32460877421553486,1,0,0.0,1,0,0.027777777777777776,1.0,simmons_janifar,True
416.3837980952886,1,50,50.0,26,0,9.509319132750095e-05,0.12008152149224019,DireKnife,False
434.8673353561897,1,50,50.0,21,1,0.002070393374741201,0.11497759416454253,ATXDUDEPUMPER,False
3.517927688440239,4,0,0.0,4,0,0.025157232704402517,1.1370330359955465,Organic-Repeat7348,True
2731.081794935854,1,50,50.0,28,0,0.002127659574468085,0.01830776364615413,cdanpg,False
334.15453404788065,1,50,50.0,34,1,0.0029940119760479044,0.14963136784142977,Less_Object7879,False
20.25579433403909,1,1,1.0,1,0,0.029411764705882353,0.0493685897234619,Timely_Philosophy923,True
3.0370811002425575,43,7,0.16279069767441862,18,1,0.057640750670241284,16.463175776243425,Mialoris,True
2414.271559306096,6,50,8.333333333333334,35,1,0.0004258641493363617,0.023195402267048772,junostr,False
30.52344557604028,1,1,1.0,1,0,0.030303030303030304,0.06552340216695333,Civil_Fox_2194,True
3275.2025325895875,5,50,10.0,40,1,0.0006651589729945457,0.01679285462585223,JeremyHerzig11,False
1804.8117492479307,1,50,50.0,25,1,0.0003205128205128205,0.02825779476516142,Ornery_Guess1474,False
1845.0085979058151,1,14,14.0,2,0,0.0036363636363636364,0.007588040519643518,Most-Butterscotch610,True
71.34295200923526,1,0,0.0,1,0,0.07142857142857142,0.01401680154573014,misoxecima393,True
3.0716884713426786,2,0,0.0,2,0,0.04,0.6511076948912634,SoftSugarRushxo,True
1584.4123891885165,1,0,0.0,0,0,3.333666700003334e-05,0.0,Careful-Sell-9877,False
0.31369591357531373,1,0,0.0,1,0,0.03571428571428571,1.0,handry_lusina,True
95.15523411194208,1,50,50.0,34,1,0.0012738853503184713,0.525457169714692,dogheoner1,False
230.7637327681123,12,8,0.6666666666666666,13,1,0.375,0.08666873152072563,Prestigious_Union419,True
2092.9533516488723,6,17,2.8333333333333335,5,0,0.00253592561284869,0.01098925591527404,toast_eater_,False
1991.88292643738,16,50,3.125,37,1,9.148921570869833e-05,0.03313447749564556,cellphone_blanket,False
154.1409745042633,1,50,50.0,22,0,1.0,0.32437838258650087,Witty-Ad5973,False
4107.7989081230735,39,50,1.2820512820512822,44,1,0.0001989765462773529,0.021666104400584127,Niarbeht,False
1538.6667175405582,1,50,50.0,20,1,0.0011614401858304297,0.03314557949334189,pagetodd,False
1643.4445127171389,50,50,1.0,57,1,0.10020040080160321,0.060847810331404524,Reasonable-Fault-726,True
76.05501446237994,7,11,1.5714285714285714,13,1,0.026923076923076925,0.2366707853155898,lotuswispie,True
121.62000558499936,15,50,3.3333333333333335,30,0,0.0005005005005005005,0.5344515459224507,Ok-Fortune-8644,False
397.0986487506275,1,0,0.0,0,0,0.125,0.0,jake20240612,True
0.31823459161652456,3,0,0.0,3,0,3.0,3.0,Big_Tart_1787,True
567.9162587529835,1,50,50.0,32,1,2.170374389582203e-05,0.0880411490767825,Leverkaas2516,False
3.082018184187236,1,0,0.0,0,0,0.030303030303030304,0.0,HoneyVelvetxox,True
0.33660104848168515,1,0,0.0,1,0,0.015384615384615385,1.0,Tauran_Avril,True
118.17287152102148,14,1,0.07142857142857142,14,1,0.4666666666666667,0.12693268604657446,Humble-Rhubarb9258,True
4.252768304681888,1,0,0.0,1,0,0.2,0.23514095486911346,maslova-inna9w06u,True
573.3157967551466,27,50,1.8518518518518519,45,1,0.000811298076923077,0.1343064336196642,BalanceJazzlike5116,False
88.35652301540253,1,0,0.0,1,0,1.0,0.011317783519227862,Free_Muffin_9854,True
518.0550997460275,1,0,0.0,0,0,1.6183560415658565e-06,0.0,Cloud_N0ne,False
79.11931108808352,1,50,50.0,34,1,0.0003894080996884735,0.6319569686891612,That_Dependent_3265,False
0.5067581615348657,1,0,0.0,0,0,1.0,0.0,AdGloomy2164,True
279.70318858534927,1,50,50.0,19,1,0.0022172949002217295,0.182336140885422,xrayrob2022,False
253.18475453451828,6,50,8.333333333333334,29,1,0.0001623288783074509,0.22118235398081668,Head_Bread_3431,False
1.274022225767926,1,0,0.0,1,0,0.5,0.784915662987938,Hot-Rub-9107,True
1457.2061804453283,16,50,3.125,49,1,0.000573641187437258,0.04529214937849778,KifaruKubwa,False
4605.100539752634,9,50,5.555555555555555,41,1,0.01978021978021978,0.012811880976472496,drummerpaul1977,True
718.671902920394,50,50,1.0,9,1,0.006257822277847309,0.13914555389412075,No_Passage6856,True
17.406125737792916,1,0,0.0,0,0,0.0011111111111111111,0.0,Early_Occasion3403,False
1357.5707802025697,1,50,50.0,24,1,0.00034246575342465754,0.03683049217701876,Ok-Implement-1139,False
1.8909414940630949,4,0,0.0,4,0,0.1,2.1153483661755916,DaintyBailey33,True
338.8991928087423,7,40,5.714285714285714,12,1,3.5,0.13868430789247832,CriticalWhereas2700,True
1460.0732160534876,1,50,50.0,40,1,0.0009596928982725527,0.034244858031947024,Far-Entertainment258,False
67.59709321330543,6,0,0.0,6,0,0.18181818181818182,0.08876121316439971,Mental_Scientist1278,True
1015.2233982016836,1,50,50.0,26,1,0.0005282620179609086,0.050235248803700616,InternSignificant26,False
2342.4376693897666,7,11,1.5714285714285714,13,1,0.4666666666666667,0.007684302654118954,PM_ME_4NYTH1NG,True
88.38615288114659,1,50,50.0,37,1,0.0035971223021582736,0.5656994718079348,Full_Jeweler521,False
46.74771829384345,42,50,1.1904761904761905,63,0,0.039923954372623575,1.968010490302714,periperi_mandhi,True
485.22794004435895,1,50,50.0,30,1,0.017857142857142856,0.10510524186908454,Time-Economics4420,False
17.661516290605068,1,0,0.0,1,0,0.16666666666666666,0.05662028013596679,NovelNarwhal9570,True
1641.7522726527518,1,0,0.0,0,0,1.0,0.0,Agile_Instruction_65,True
1154.2715450965281,23,50,2.1739130434782608,8,0,0.001087059268361849,0.06324335058774687,Liquid-Space,False
4.57824021357629,5,2,0.4,6,1,2.5,1.528971760643366,melesnlt,True
1342.8662917875113,4,50,12.5,18,1,0.00015689966266572527,0.040212491988401704,Wonderful_Eagle_6547,False
59.433697095861035,1,1,1.0,1,0,1.0,0.016825471893277863,CerealWithBooty,True
2048.2730604277194,50,50,1.0,50,1,0.0009963533467508918,0.0488216155999816,JoeDyenz,False
1772.6701167811289,1,0,0.0,0,0,0.00044365572315882877,0.0,Bustercrimez,True
2216.2574237034028,1,0,0.0,0,0,1.4861490904767566e-05,0.0,scienceisrealtho,False
23.2129546157795,1,5,5.0,3,0,0.0023148148148148147,0.25847635939982294,LadyLustalot55,True
1168.921929763252,1,0,0.0,0,0,4.325072444963453e-05,0.0,roykentjr,False
1348.1472697376958,1,50,50.0,26,1,4.4290902648595976e-05,0.037829694978296316,Fair_Spread_2439,False
2486.6760507996078,50,50,1.0,42,1,0.0006296356927881528,0.04021432545177902,husky_whisperer,False
23.265687877392327,1,1,1.0,1,0,0.013333333333333334,0.042981750862897,AtomicKittyOverdrive,True
32.7992578627721,25,50,2.0,25,1,0.07102272727272728,2.2866371036134536,chloesnovel,True
1848.323247119525,22,50,2.272727272727273,29,1,0.0007313586649380007,0.0389542251942168,ThreeKiloZero,False
1133.1888651425722,1,50,50.0,39,1,0.00017337031900138697,0.04500573696828854,Silent-carcinogen,False
1728.009883904297,1,0,0.0,0,0,0.0005324813631522897,0.0,Upset-Waltz-8952,False
1272.0381557866904,18,50,2.7777777777777777,35,0,0.0007537688442211055,0.053457515948446915,Zero_lash,False
4422.181449863182,4,50,12.5,31,1,3.599582448435982e-05,0.012211167861886515,Badbullet,False
526.1231727104221,1,0,0.0,0,0,4.412673197422999e-05,0.0,DistinctAstronaut828,False
587.1570112985731,7,50,7.142857142857143,32,1,0.0005522682445759368,0.09707795172868187,Tricky_Mix2449,False
3.8285161421751535,1,0,0.0,0,0,0.1,0.0,BlueberriesCraveIron,True
260.423875786778,1,0,0.0,0,0,0.0003891050583657588,0.0,AllVTerrain,False
2460.9646243035354,50,50,1.0,15,1,0.0032615786040443573,0.04063447276423182,5L0pp13J03,False
4798.23939470598,34,50,1.4705882352941178,48,1,0.0005873715124816446,0.01750642122872805,CapnGrundlestamp,False
2.7784434912408944,1,0,0.0,0,0,0.125,0.0,UnzipGalaxy77,True
677.7330480014091,1,50,50.0,25,1,0.0003240440699935191,0.07377536058990596,Key_Departure187,False
4770.8692922062755,8,50,6.25,37,1,0.0005432937181663837,0.012157113609200989,AceGalactica,False
1735.9227643982817,22,50,2.272727272727273,44,1,0.0001590721753843039,0.04147649969032877,Ms_Emilys_Picture,False
1679.3378795186707,1,50,50.0,16,1,0.00011291779584462511,0.029773639128732644,Huntthatmoney,False
47.80820194830221,1,0,0.0,0,0,0.1111111111111111,0.0,CupcakeClaptrap,True
229.0389418739384,10,50,5.0,28,0,0.001055297593921486,0.2619641861296391,Human-Sheepherder797,False
67.92643689544389,32,14,0.4375,6,1,0.2782608695652174,0.6772031936667859,Rose_Rebellion,True
58.2965296825739,1,0,0.0,0,0,0.0045871559633027525,0.0,Blossom_Nyx,True
27.648790139649755,3,0,0.0,2,0,0.005893909626719057,0.10850384356232098,ElegantEves,True
1151.9663204074789,36,50,1.3888888888888888,39,0,0.005796168088874577,0.07465496037208769,Nice_Ad_777,False
20.48846204254914,1,1,1.0,1,0,1.0,0.04880795825100309,Ok-Public495,True
5176.631665831015,50,50,1.0,47,0,0.00017491446682572223,0.01931758070794608,Stepjam,False
3.448793362483934,1,0,0.0,0,0,0.020833333333333332,0.0,TangerineParcel,True
910.1391072107355,31,50,1.6129032258064515,40,1,0.0010450377562028048,0.08899738441987978,ShadowsOfTheBreeze,False
1.8846026117685768,1,0,0.0,0,0,0.008547008547008548,0.0,echoedMarzipan,True
22.69371702670223,1,1,1.0,2,0,0.0029585798816568047,0.08813011978807743,Impressive-Elk260,True
41.40825455872825,1,4,4.0,3,0,1.0,0.09659909703092903,NessaLushx,True
129.47936698784707,3,50,16.666666666666668,34,0,0.004777070063694267,0.40933162737020934,ThisName_isStolen,False
1384.219594306725,1,50,50.0,23,0,1.0,0.036121436371547744,hotwife11111,False
1832.7646670656652,19,50,2.6315789473684212,49,1,0.004932502596053998,0.037648041366092004,Whole_Commission_702,False
11.415704248420619,1,0,0.0,0,0,0.011235955056179775,0.0,New-Heart-6948,True
240.9225034618764,1,50,50.0,26,1,0.0005154639175257732,0.2116863276247262,ryobivape,False
1869.2706155295837,18,50,2.7777777777777777,33,0,0.0004426737494466578,0.036377825358761606,Silent-Hyena9442,False
1551.978899122656,50,50,1.0,47,0,0.0002702206081044565,0.06443386572879996,7thpostman,False
25.837508186256443,1,0,0.0,0,0,0.2,0.0,BlushiePetals,True
3313.010521154216,1,50,50.0,27,1,2.0182042019011484e-05,0.01539385392058223,UTDE,False
1262.5982222428365,50,50,1.0,42,0,0.0006276912261320411,0.07920175891136881,Ok-Albatross899,False
569.0053013597014,3,50,16.666666666666668,29,1,0.00019761544035307293,0.09314500211746816,TensionNo4623,False
12.017214047740454,1,1,1.0,1,0,0.01020408163265306,0.08321396257296639,EchoingThistle,True
19.98775622168073,1,0,0.0,0,0,0.0136986301369863,0.0,Still--Typing,True
162.3063889877719,1,9,9.0,7,0,0.0013192612137203166,0.055450682232096586,ArtSignificant6255,True
1515.9487448347911,20,50,2.5,24,1,0.0012094092036040395,0.04617570365654324,Spirited-Tonight6043,False
1739.9241376108373,1,50,50.0,39,1,0.0002796420581655481,0.028736885085494067,Ok_Nothing_8028,False
1438.222129262051,1,1,1.0,1,0,0.3333333333333333,0.000695302887957299,Exrly-,True
1.8959699101001024,1,0,0.0,0,0,0.0012804097311139564,0.0,RustedHarbor,True
4330.684673816128,3,50,16.666666666666668,23,1,0.0003382187147688839,0.012238249605297923,penisproject,False
49.798923983946445,1,0,0.0,0,0,0.015873015873015872,0.0,SpankmeXy,True
1818.2297109182373,1,50,50.0,22,1,1.0,0.028049261154270835,dragcuda74,False
70.47867784394434,1,21,21.0,13,0,0.000715307582260372,0.29796245676598426,LilaRosewood7,True
3532.916320964879,6,50,8.333333333333334,22,0,0.0001244322777328439,0.01585092736776335,thenikolaka,False
1934.804612957112,50,50,1.0,30,0,9.794165811309519e-05,0.051684805447699565,Kasta4,False
67.59515232405452,5,0,0.0,5,0,5.0,0.07396980150336449,ThisBasket599,True
0.29656584241875894,1,0,0.0,0,0,1.0,0.0,Silver-Island-9613,True
24.275494640232235,1,0,0.0,1,0,0.012987012987012988,0.041193805309436664,Lonely_Ad_3652,True
1758.3333810904678,1,50,50.0,18,1,9.306654257794323e-05,0.029004738548710978,Disastrous_Trip3137,False
4638.1114888891025,9,50,5.555555555555555,30,1,0.0006845668213280597,0.012720694649393042,PokeyPete,False
60.79069227855515,7,50,7.142857142857143,35,1,0.001125221025558592,0.9376435415279458,BaltoDad,False
1523.0612970323061,4,50,12.5,31,0,0.0003142924491239098,0.035454909205045994,MacDynamite71,False
16.37872991365691,1,5,5.0,5,0,0.014084507042253521,0.30527397584295596,SecretConflagration,True
907.1835500051523,3,50,16.666666666666668,26,1,0.00022088057723457517,0.05842257611450185,JoshuasOnReddit,False
869.5392788742814,3,22,7.333333333333333,6,0,0.0031446540880503146,0.028750857617801204,Shun1313,True
508.00706453875813,1,0,0.0,0,0,0.002136752136752137,0.0,Passed1stGrade,False
854.7705732879401,1,50,50.0,22,1,0.001941747572815534,0.05849522850052172,Repulsive-Spend-49,False
797.291890952601,50,50,1.0,45,1,0.0006106273585481724,0.12542457929745207,IllvesterTalone,False
3356.0926439675773,50,50,1.0,28,1,8.66039307792102e-05,0.029796555282746863,urbanlife78,False
1709.1256096525876,6,50,8.333333333333334,30,1,0.00019811788013868252,0.03276529219603881,HowUKnowMeKennyBond,False
2.2334648197282245,1,1,1.0,2,0,0.002079002079002079,0.8954696677261148,ResponsibleDott,True
2735.0732487458017,11,50,4.545454545454546,39,0,0.0004963898916967509,0.022302876176340882,ambercrush,False
3655.864305027718,50,50,1.0,47,1,0.04035512510088781,0.02735331283014943,itszenbaby,True
784.9663748710437,9,50,5.555555555555555,30,1,0.006198347107438017,0.07516245521942602,SadisticHornyCricket,False
267.9185027383516,1,5,5.0,2,0,0.08333333333333333,0.018662391544054666,cutielanaxx,True
578.0295984109105,1,4,4.0,3,0,0.0058823529411764705,0.0069200608601991944,PsychologicalToe1759,True
2145.7093467145387,1,50,50.0,32,1,0.006578947368421052,0.02330231728568404,Boobatron5k,False
2193.8425745773397,50,50,1.0,49,1,0.02158894645941278,0.04558212205324976,mesupporter,False
2005.992750406417,8,50,6.25,26,0,0.0007624130372629372,0.028913364710938822,ant1667nyc,False
448.278281642033,1,0,0.0,0,0,0.0022123893805309734,0.0,Jarl_Groki,False
5256.686434502372,50,50,1.0,45,1,0.007439369141496801,0.019023390732163116,Cwaazy,True
438.1099612501926,5,50,10.0,17,1,0.003109452736318408,0.12553925923768486,Lopsided-Head-5143,False
74.29068196825959,1,0,0.0,0,0,1.2261363218362617e-05,0.0,Confident-Service256,False
439.8746990241,1,1,1.0,1,0,0.03571428571428571,0.002273374672875222,Common-Breath-7783,True
3350.7395603731634,50,50,1.0,66,0,0.0016178611875101116,0.02984415774434682,igotchees21,False
2672.864324762926,1,0,0.0,0,0,6.142808000393139e-06,0.0,Theharlotnextdoor,False
476.78362616034843,20,50,2.5,34,0,0.0001291255616961934,0.14681712239937136,xChoke1x,False
1623.1912614216021,1,10,10.0,6,0,0.0030581039755351682,0.006160703447381752,Electronic-Damage946,True
3700.050694940071,1,0,0.0,0,0,6.737727229850827e-06,0.0,adavidmiller,False
379.0539664482215,1,0,0.0,0,0,0.00022386389075442132,0.0,Ecstatic-Total-9953,False
160.03615038273236,1,0,0.0,0,0,3.7907505686125855e-05,0.0,MyldExcitement,False
352.961604600328,1,50,50.0,11,1,0.00022935779816513763,0.1416584675169327,NuggetsRoyalsChiefs,False
102.86465829372682,7,50,7.142857142857143,29,1,0.035175879396984924,0.5541261784707269,foogmaster1967,False
229.10830449109,50,50,1.0,38,1,0.0022725206799381874,0.4364747939719007,pedantic-medic,False
1468.5940255274045,1,0,0.0,0,0,5.931936955374038e-06,0.0,itsapotatosalad,False
3424.0762741527346,1,0,0.0,0,0,0.00047664442326024784,0.0,unicornative,False
6.618014568264286,1,25,25.0,15,1,0.002976190476190476,3.777567991446229,SnickerGem,True
3071.2035802232695,5,50,10.0,25,1,0.0004356539165287096,0.017908288579164013,zjelkof,False
100.4073340635112,1,50,50.0,38,1,0.002840909090909091,0.5079310239204309,Exporrigo2,False
10.050703296023938,1,39,39.0,6,1,0.00025680534155110427,3.9798209957928035,gulaglady_,True
2014.0869955917833,25,50,2.0,30,1,0.0009468262384487199,0.03723771622782528,CHRISTEN-METAL,False
458.39457947005275,1,0,0.0,0,0,0.0002714440825190011,0.0,BEEF_Toad,False
1731.1492874785126,50,50,1.0,24,1,0.000888572951839346,0.057765093237945965,Putrid-Delivery1852,False
1203.2303877146019,7,50,7.142857142857143,35,1,0.00010563805384522516,0.04737247378556069,Great-Gas-6631,False
2351.816706336342,19,50,2.6315789473684212,48,1,0.0002452277391293125,0.029339021112528847,yaboyACbreezy,False
558.2446811261966,36,50,1.3888888888888888,38,1,0.01410105757931845,0.1540543115010152,Kitchen_Reference9,False
4003.0970707445454,50,50,1.0,58,0,0.000864169792080748,0.02498065828351266,GeorgeMcCrate,False
755.1387828853092,1,0,0.0,0,0,1.1956144860651132e-05,0.0,Ill-Description3096,False
1758.9165594531983,1,50,50.0,4,1,0.0004833252779120348,0.028426590068345088,Capable-Entrance6303,False
3611.4625233389356,1,0,0.0,0,0,1.0361942657009337e-05,0.0,dranaei,False
36.41468957076746,1,50,50.0,16,1,0.0002991325157044571,1.373072257085459,suddenlynotbanned,False
2068.094070592269,3,50,16.666666666666668,22,1,3.870218667354705e-05,0.02562746093306174,StrangeContest4,False
25.309980910450772,7,0,0.0,3,0,0.11290322580645161,0.27657073408181126,InevitablePassage135,True
3.1006155949417087,2,0,0.0,2,0,0.02,0.6450332002660265,BitterHoneyBitexo,True
3790.0909666118578,41,50,1.2195121951219512,39,0,0.0022481767834621924,0.024009977808355672,lagan_derelict,False
740.7918427240793,9,50,5.555555555555555,33,0,0.0013412816691505216,0.07964450551053863,ThatUsernameIsTaekin,False
3070.5061350963156,17,50,2.9411764705882355,34,0,0.0030141843971631206,0.021820506799898755,mckeevertdi,False
4.222528866076911,3,2,0.6666666666666666,3,0,3.0,1.184124527879291,Shaggybaby10,True
232.72384943585152,1,50,50.0,23,1,1.0,0.2148469102810286,NefariousnessLow1385,False
52.48315023680528,17,9,0.5294117647058824,17,1,0.0066122131466355505,0.4953970918797243,Sufficient-Plum-9084,True
523.8779661779464,1,0,0.0,0,0,0.003401360544217687,0.0,Diligent_Catch_3062,False
3928.0827029954007,35,50,1.4285714285714286,37,1,0.00010750739497295422,0.02163905559706835,hellolovely1,False
166.7468398134024,1,0,0.0,1,0,0.004166666666666667,0.005997115154440392,Embarrassed_Reply324,True
570.6536235042965,41,1,0.024390243902439025,16,1,0.10173697270471464,0.07359981303909792,Otherwise_Credit9218,True
2501.9727075548194,15,1,0.06666666666666667,14,1,0.16853932584269662,0.006394953850490566,Jack07940,True
2043.608113060199,3,0,0.0,2,0,3.0,0.0014679918232990633,Patr10t4,True
3125.268132723454,50,50,1.0,37,1,0.0004027159161384376,0.03199725455647767,LickingSmegma,False
234.26956859581725,9,50,5.555555555555555,28,1,0.003996447602131439,0.2518466241844329,AffectionateTip7650,False
1136.3643087371825,45,50,1.1111111111111112,35,1,0.003460473700399877,0.08359995053485222,OilPainterintraining,False
701.2850132503029,26,1,0.038461538461538464,26,1,0.15294117647058825,0.038500751463176004,iugrad91,True
3.5381392245960455,5,0,0.0,5,0,0.02127659574468085,1.4131722022812307,Shot-Camp-6091,True
404.7186285695378,1,50,50.0,35,1,0.0003667033370003667,0.12354262065159453,Sayian-SSJB,False
956.8850726262508,3,50,16.666666666666668,22,1,0.0005144915108900703,0.0553880518321151,BobLazarFan,False
2457.8966622722396,7,50,7.142857142857143,45,1,6.624208643645964e-05,0.023190559991771782,BootySweat0217,False
0.35755853952908956,4,0,0.0,4,0,4.0,4.0,Plane_Buddy69,True
961.9080313878893,50,50,1.0,24,1,0.0005920733223602411,0.10396004268278639,Special_South_8561,False
2853.14074990041,1,0,0.0,0,0,0.00013575889220743959,0.0,hhaxxell,True
2.535289318975475,1,0,0.0,0,0,0.008849557522123894,0.0,CycleAcceptable9523,True
2485.514327144518,1,0,0.0,0,0,1.0551305724083356e-05,0.0,TheOneCalledD,False
1441.3292933245748,1,0,0.0,0,0,0.0001973164956590371,0.0,ElectricNinja1,False
0.5119440409430751,1,0,0.0,0,0,1.0,0.0,ActualFactor5722,True
300.0417781119021,1,0,0.0,0,0,0.00020214271275520516,0.0,ConfidenceAgitated16,False
678.4553782767554,3,50,16.666666666666668,27,1,0.0005356186395286556,0.07811862312097444,FartMagic1,False
0.3810707636260324,1,0,0.0,1,0,0.005050505050505051,1.0,Lana_Avril,True
1724.2247947351966,2,50,25.0,18,1,0.0005785363031530228,0.03015848058720561,Prestigious-One2089,False
430.08648908806896,8,50,6.25,28,0,0.07079646017699115,0.13485659622319202,StevieMack1,False
400.55478997962064,8,50,6.25,26,1,0.0016677089847821555,0.14479916718247438,watchwatertilitboils,False
515.2823712286795,1,50,50.0,38,1,0.021739130434782608,0.0970341754187633,Logical_Smile_5414,False
814.3874929765915,4,50,12.5,23,1,3.425918788595117e-05,0.06630750160790123,DrakonILD,False
134.0689124830895,1,0,0.0,0,0,0.000361794500723589,0.0,IndependentThink4698,False
814.2883514431726,17,50,2.9411764705882355,32,0,0.0005859038428399104,0.08228043527978159,fatmanstan123,False
98.28141460249269,1,0,0.0,0,0,0.00016178611875101117,0.0,LessRespects,False
49.31167384432422,10,7,0.7,14,1,0.0025195263290501385,0.3447459531320838,SeriousBox1942,True
136.04894382486464,1,50,50.0,25,1,0.04,0.36751479720684077,Itsabouttagodown,False
3817.247243277646,24,50,2.0833333333333335,31,1,0.0007038123167155425,0.019385697410697598,elciano1,False
1727.7781770086785,1,50,50.0,30,0,0.0017152658662092624,0.02893890006561233,Fine-Pie-115,False
1130.7060816761823,1,50,50.0,31,0,0.0004578754578754579,0.04422015659974072,Juudd-bhc,False
895.9917976798752,6,50,8.333333333333334,37,0,0.0008473379466177093,0.06250057215368392,ErasmosOrolo,False
0.37534919880882456,1,0,0.0,0,0,0.05263157894736842,0.0,Obvious-Truck-6653,True
843.1363934831018,4,50,12.5,31,1,0.0006068881808526779,0.06404657706319526,bgbalu3000,False
1778.3859103728694,1,0,0.0,0,0,3.340682835571591e-05,0.0,Drmlk465,False
218.8823789348343,1,0,0.0,0,0,1.1747568253371553e-05,0.0,OnlyFiveLives,False
448.3091670320073,1,0,0.0,0,0,0.00029308323563892143,0.0,CaptainC00lpants,False
4602.758151986146,1,0,0.0,0,0,1.833341888928815e-06,0.0,impy695,False
1634.8714961076914,2,50,25.0,21,1,0.00027427317608337906,0.03180678122029885,good_witch_vibes,False
2788.549657544767,1,0,0.0,0,0,1.2107710189848896e-05,0.0,limsus,True
0.38260454098383584,1,0,0.0,1,0,0.01020408163265306,1.0,rima_molisa,True
0.3730472881871241,1,0,0.0,0,0,0.16666666666666666,0.0,tmayyy044,True
0.376159145804467,1,0,0.0,0,0,0.015873015873015872,0.0,ConsistentAspect4787,True
22.20232572612663,1,50,50.0,24,1,0.0026954177897574125,2.2970566520418916,seeyouyoucunt,False
1030.8790935749782,1,50,50.0,26,1,0.0002765486725663717,0.04947233901420725,External_Demand_8839,False
777.2186179774227,1,0,0.0,0,0,5.502577957773217e-06,0.0,WanderingLost33,False
438.97273435841555,1,0,0.0,0,0,4.1969194611155415e-05,0.0,InevitableType9990,False
1061.2261852208167,2,50,25.0,40,1,0.000513347022587269,0.04899992171714082,Othercheek293Sugie,False
1782.507798674766,24,50,2.0833333333333335,30,1,0.0006049301809749458,0.04151454487605411,northwoods_faty,False
716.2102327057747,1,0,0.0,0,0,3.637157197934095e-05,0.0,dopescopemusic,False
0.6306338531165211,10,0,0.0,5,1,1.1111111111111112,10.0,Top-Caterpillar7412,True
378.16681307661867,6,50,8.333333333333334,30,0,0.0002838758516275549,0.1480827985523259,Trading_shadows,False
58.04766794008238,1,0,0.0,0,0,0.00010378827192527245,0.0,Soggy-Fly9242,False
2384.1745244291837,1,0,0.0,0,0,0.009523809523809525,0.0,madden360,True
4904.864391068501,3,50,16.666666666666668,27,0,0.002697841726618705,0.010805599456839255,Slmcmahon,False
1606.1276664003399,1,50,50.0,26,1,0.001736111111111111,0.031130775620134988,Due_Ad6145,False
1554.0336068282718,1,0,0.0,0,0,0.006711409395973154,0.0,bilgisizinsanolgi2,True
907.9313715341025,1,0,0.0,0,0,0.019230769230769232,0.0,TrollDevelopper,True
1240.075927029746,1,0,0.0,0,0,0.017857142857142856,0.0,cheese_with_tomato,True
1443.4965115079146,2,50,25.0,27,1,7.250842910488344e-05,0.03602364092011516,PatentedPotato,False
3.1121091405467856,2,0,0.0,2,0,0.009345794392523364,0.6426509835219364,CloudyHoneyJarxx,True
4003.815682314143,1,50,50.0,22,0,0.0002533569799847986,0.012488087356484098,Scrotatoes,False
317.3030768193194,1,0,0.0,0,0,0.047619047619047616,0.0,aaverageboykisser,True
714.7605910180454,1,0,0.0,1,0,0.3333333333333333,0.001399069859987221,Mission-Kitchen-2051,True
2216.928944384216,1,50,50.0,40,1,0.0001737921445950643,0.023004796851604097,DarmokBuiscuits,False
633.9276639097818,13,50,3.8461538461538463,34,1,0.00023438204272964932,0.0993804239610624,SoManyEmail,False
193.33751703800704,7,4,0.5714285714285714,6,0,0.7777777777777778,0.05689532051783606,Vast-Notice-900,True
27.74385635163221,44,45,1.0227272727272727,45,1,0.004672897196261682,3.20791741681448,GildedWink,True
478.63234749495155,1,0,0.0,0,0,0.03571428571428571,0.0,Ashamed_Product2696,True
42.938600866736635,3,2,0.6666666666666666,4,0,3.0,0.11644534053445052,ChonkFoxy,True
2042.0675175038725,20,50,2.5,39,1,0.007914523149980214,0.03427898411780464,Gekko8,False
616.5944960806656,1,50,50.0,28,0,0.0005274261603375527,0.08109057138495569,spawl123,False
39.86363799388762,1,0,0.0,0,0,0.006666666666666667,0.0,Cocksleeve2,True
1132.994909452738,1,50,50.0,10,0,9.018759018759019e-05,0.04413082493384822,Embarrassed_Towel707,False
4005.2059427447866,1,40,40.0,29,1,0.007874015748031496,0.009987002059771192,saywhatnaww,False
1869.7097237634796,1,0,0.0,0,0,4.288679601324344e-06,0.0,Nemisis_007,False
2088.762744058009,26,50,1.9230769230769231,15,1,0.00042670517954441014,0.03638517596897991,QuidProJoe2020,True
0.49388049076828694,1,0,0.0,0,0,0.038461538461538464,0.0,Diligent-Leader4088,True
3424.8756489508214,6,50,8.333333333333334,25,1,0.00029433406916850625,0.016350958615725237,FrankLangellasBalls,False
2.554120986442323,1,0,0.0,0,0,0.005555555555555556,0.0,Round_Preference3823,True
38.34481130377286,1,0,0.0,0,0,0.0004589261128958238,0.0,PizzaFrenchToast,False
1626.0242517338334,1,0,0.0,0,0,2.3991746839087353e-05,0.0,Lanky_Substance5969,False
1463.062823712467,16,50,3.125,37,1,0.001229256299938537,0.045110844818356796,ShenaniganStarling,False
7.581971819199346,1,50,50.0,25,1,0.0012376237623762376,6.594590588346447,EternalNewCarSmell,False
655.7568432487161,18,50,2.7777777777777777,46,1,0.000319109330402255,0.10369697350487106,Drinkdrankdonk,False
1913.2155024574338,9,50,5.555555555555555,26,1,0.0015514566454059645,0.03083813607208248,Fragrant_Proof,False
1489.222246595831,1,0,0.0,0,0,0.006329113924050633,0.0,Weary_Marzipan_9048,True
887.157566572803,1,50,50.0,43,1,0.0003875968992248062,0.05635977405136276,LewkieSE,False
2146.196287758905,1,50,50.0,20,1,0.000625,0.02329703032531608,JONPRIVATEEYE,False
825.5602426843428,15,50,3.3333333333333335,31,1,6.0475336142076724e-05,0.07873441166286042,SimonPho3nix,False
1258.0932888516425,1,50,50.0,24,1,6.921373200442968e-05,0.040537534419686466,Ras-haad,False
1149.2383612690287,1,50,50.0,41,0,6.565988181221274e-05,0.04350707536841032,Scorpion2k4u,False
1203.5010369394665,1,50,50.0,18,0,0.011235955056179775,0.041545456518385114,2542522909,False
645.2802953716009,1,0,0.0,0,0,0.017241379310344827,0.0,MagicMan-1961,False
1626.8874925112393,1,50,50.0,18,0,1.5974951276398605e-05,0.030733532730539803,SpotCreepy4570,False
148.01361022640432,4,50,12.5,46,1,0.003972194637537239,0.3648313146162749,Effective_Writer8074,False
173.11564305237323,19,50,2.6315789473684212,17,0,0.0016348304938908966,0.3985774987366405,DearDeerDoe,False
1831.86317406656,1,0,0.0,0,0,0.0006414368184733803,0.0,Holiday_Adagio_4702,False
1575.3543568756927,1,50,50.0,31,1,0.009615384615384616,0.031738890860823245,These_Aardvark1527,False
522.8675590208338,1,0,0.0,0,0,0.000333555703802535,0.0,CharmingScholarette,False
3132.9287223128285,48,50,1.0416666666666667,57,1,0.003420265070542967,0.03128063504989455,xendazzle,False
3347.0709882009223,22,50,2.272727272727273,43,0,0.0016998918250656777,0.021511345368477104,effinfantastic,True
33.28335294282271,1,0,0.0,0,0,0.00033057851239669424,0.0,CKACCEO,False
3970.380277288294,1,50,50.0,33,1,8.441668073611346e-05,0.012845117202433863,Real23Phil,False
812.7588742203045,1,50,50.0,26,1,6.013843868585484e-06,0.06274923795686058,kevendo,False
2187.7940972089546,1,0,0.0,0,0,3.4408010184771016e-05,0.0,twiztdkat,False
395.0265059334426,15,50,3.3333333333333335,27,1,5.9783821700730156e-05,0.16454592039692584,Real_Run_4758,False
913.2964742172371,1,0,0.0,0,0,3.7989590852106524e-05,0.0,BackgroundNo8340,False
1872.7524742099035,6,50,8.333333333333334,26,1,0.00021611497316572416,0.0299025102202179,Feisty_Ad_2744,False
3005.081189376538,50,50,1.0,33,1,0.0007210741119972311,0.03327697113592692,Cocrawfo,False
2598.6261582356055,1,0,0.0,1,0,2.7567119043090165e-06,0.00038481872308980834,SarahPallorMortis,False
47.55923507399581,10,19,1.9,23,1,0.002531645569620253,0.6097659046635187,Cautious_Affect_469,True
843.2352467839061,5,50,10.0,26,1,0.00036748493311774215,0.06522497750155684,AndreaSys,False
536.875164975993,8,50,6.25,38,1,0.00031710797526557794,0.1080325628446485,WanderingDude182,False
885.8563913228694,4,50,12.5,30,1,0.00012584552461853074,0.06095796172939564,ImRonniemundt,False
1170.0000895461496,9,50,5.555555555555555,21,0,9.759377134863748e-05,0.050427346567884855,MrTulaJitt,False
1882.2245523171237,19,50,2.6315789473684212,27,1,0.0004408659535466506,0.036658750368045695,DM_Voice,False
4262.926221958354,1,0,0.0,0,0,0.00033112582781456954,0.0,senc2bar,True
252.59396303538094,1,0,0.0,0,0,0.017857142857142856,0.0,Consistent_Injury791,True
667.6596974749311,1,0,0.0,0,0,0.006060606060606061,0.0,Fragrant-Listen-2704,True
287.9606583095673,1,0,0.0,0,0,0.01818181818181818,0.0,Radiant_Extent731,True
337.1938760475345,1,0,0.0,0,0,0.018867924528301886,0.0,Fluffy_Spare_1318,True
1777.9822336024708,1,0,0.0,0,0,0.003125,0.0,CyberNate64,True
48.32154320197801,1,0,0.0,1,0,0.00510204081632653,0.0206947033090422,InspectionWorldly812,True
1583.5197525630808,31,50,1.6129032258064515,29,0,0.007616707616707617,0.051151872194138165,LazyAd4132,False
3747.991256775511,14,50,3.5714285714285716,36,1,0.00016895357397149512,0.017075813579955034,SavageCucmber,False
1555.939424570559,14,50,3.5714285714285716,46,1,0.004693261816962789,0.04113270670396701,greengo07,False
3754.011545734927,1,0,0.0,0,0,4.347637059258293e-05,0.0,I_was_a_sexy_cow,False
1705.3249209891399,1,0,0.0,0,0,0.038461538461538464,0.0,Darkbrianmcampos,True
179.5022217987257,1,0,0.0,0,0,0.008547008547008548,0.0,Optimal-Employer6481,True
413.35311394434285,1,0,0.0,0,0,0.0003170577045022194,0.0,No_Street8874,False
26.63368185200073,1,8,8.0,6,0,0.022727272727272728,0.30037153873260064,OatmealObsession23,True
1828.2345390302053,8,50,6.25,35,0,0.0023550191345304682,0.03172459482729516,Informal_School2724,False
1124.3346506993196,4,50,12.5,32,0,7.494145199063231e-05,0.04802840503618099,pmyourthongpanties,False
0.4117434583383578,1,0,0.0,1,0,0.008849557522123894,1.0,Frya_Patrick,True
314.1619731356286,1,50,50.0,22,1,8.364700961940611e-05,0.159153571328043,Ill_Manufacturer1590,False
1821.090177192161,12,50,4.166666666666667,37,0,0.00014498707198608125,0.034045540839495604,Remarkable-Ad2285,False
179.5014757825379,1,0,0.0,0,0,0.0125,0.0,AlertEmployment9833,True
0.41725618798423697,1,0,0.0,1,0,0.007633587786259542,1.0,Latisa_Maire,True
2498.4683060032544,50,50,1.0,67,1,0.0002969526716831871,0.04002452212810649,desrevermi,False
1388.4658685159848,50,50,1.0,22,1,0.0020147479550308256,0.07202193605729873,Just-Incident6458,True
1642.8304818047638,5,50,10.0,20,0,0.00042304763516371943,0.03347880417922284,Difficult-Ad-4654,False
3854.1699330334145,24,50,2.0833333333333335,42,1,0.0041286771030449,0.019199983728210576,HarbingerShiny,False
872.8548780806722,1,0,0.0,0,0,1.9467751669359705e-05,0.0,12390909099099,True
3.5694249158738938,5,0,0.0,5,0,0.01773049645390071,1.400785873871187,GladWrongdoer3551,True
0.42241668705862984,18,0,0.0,4,1,0.5454545454545454,18.0,Middle_Lock8469,True
859.6116078366146,50,50,1.0,35,0,0.00238004569687738,0.11633160730771204,srealfox,False
23.455102759649357,1,50,50.0,23,1,0.004291845493562232,2.131732293495502,Majestic_Craft1887,False
1214.2398158250362,50,50,1.0,40,0,0.010663254425250587,0.08235605413091587,CosmosMonster7,True
1550.9365210003627,1,50,50.0,30,1,2.514964036014285e-05,0.03223858573383114,Venus_Cat_Roars,False
2347.1379234278947,23,50,2.1739130434782608,37,0,0.002007331122359923,0.03110170871142784,PinkBoxPro,False
145.69799263507954,50,46,0.92,28,0,0.00246669955599408,0.6588972041670133,Plus_Law_6689,True
1464.3858337454305,10,50,5.0,23,1,0.001411631846414455,0.04097280827044003,Massive_Reaction8845,False
2882.782392595253,1,50,50.0,35,1,4.161638020724957e-05,0.017691241673668874,Ro_Yo_Mi,False
1827.4433146602687,37,50,1.3513513513513513,32,1,0.02208955223880597,0.04760749583971296,Euphoric_Ad8910,False
1401.0065008047472,50,50,1.0,28,1,0.05861664712778429,0.07137725623868223,Kawaii_tienchan,False
1855.5320592228186,1,0,0.0,0,0,0.00028392958546280523,0.0,Tall_Union5388,False
1987.1313814621833,33,50,1.5151515151515151,46,1,0.0049085229808121375,0.041768753075061615,Stormer111,False
702.7538418781647,1,50,50.0,27,1,0.014925373134328358,0.0725716416771177,No_Smell_8547,False
305.25511801979883,3,50,16.666666666666668,23,1,0.004213483146067416,0.17362526251423055,Fun_Wood27,False
1799.073521505699,50,50,1.0,44,1,0.0005898800184042566,0.055584165296539395,Xfgjwpkqmx,False
1532.548068054266,50,50,1.0,43,0,0.007487271638215035,0.06525080817005675,Live_Length_5814,False
1829.9965297506585,1,0,0.0,0,0,5.806189397898159e-05,0.0,xxTheMagicBulleT,False
1878.8446059410358,17,50,2.9411764705882355,40,1,0.0006157189424121695,0.03566021361646482,Lordnoallah,False
23.243910931122524,2,8,4.0,6,1,0.006472491909385114,0.4302201995882914,ThiccStormPhoenix,True
1972.9554908621035,25,50,2.0,34,1,0.0007127786964703199,0.03801403546474734,alwayskared,False
2123.391744619972,11,4,0.36363636363636365,12,0,0.8461538461538461,0.007064169877275557,Happens-,True
1873.7689733457482,16,50,3.125,43,0,0.0010204081632653062,0.03522312565681578,funkykittenz,False
2623.2244206658447,7,50,7.142857142857143,31,1,7.053536340826876e-05,0.02172898344150512,BLF402,False
43.403624231980906,21,1,0.047619047619047616,20,1,0.19626168224299065,0.5068701148645056,Elegant-Inside9727,True
1692.0366951289166,35,50,1.4285714285714286,54,0,0.002106783843977608,0.05023531714453973,ImpressiveSimple8617,False
3213.4891151749343,31,50,1.6129032258064515,39,1,0.0010413167618407793,0.025206246885199287,GridlockLookout,False
2449.9991757639386,50,50,1.0,61,1,0.0007662952688930098,0.040816340262163076,pzombielover,False
2364.3067078140407,1,17,17.0,8,0,1.0,0.007613225450196434,GEELANI_SNAG,True
4273.081347075847,50,50,1.0,57,1,0.00015154040824985984,0.023402316005154446,REDDITSHITLORD,False
42.93573003121272,3,3,1.0,4,0,0.3,0.139743751780585,UwU4Lust,True
23.007864099826527,1,5,5.0,4,0,0.0003729951510630362,0.2607803998653329,MoanopolyDeal201,True
1550.2009735617567,2,3,1.5,3,0,1.0,0.0032253882466038914,Difficult_Control_69,True
0.43436717753057125,1,0,0.0,0,0,0.5,0.0,EmuZealousideal1966,True
0.4459902299802612,45,16,0.35555555555555557,9,1,11.25,61.0,Delicious-Outside478,True
1882.8745436099034,4,50,12.5,25,0,0.0002789983957592244,0.028679552858827007,VigilantVet,False
1682.1374050100617,1,0,0.0,0,0,0.014492753623188406,0.0,pointless_shan,True
5074.244232363546,50,50,1.0,38,1,0.00222995272500223,0.019707368313531242,SkeezySevens,False
4178.040875742524,50,50,1.0,55,1,0.00026673352787098635,0.023934662913566624,Sproketz,False
199.72970832661346,26,50,1.9230769230769231,42,1,0.00034317089910775565,0.3805142491657722,Schmooto,False
500.786369142869,50,50,1.0,47,1,0.0004503855300136917,0.19968594626718178,Perfecshionism,False
4000.840672595592,26,50,1.9230769230769231,30,0,0.00035245157179845195,0.018996007644236958,ThreeSloth,False
26.464650317645734,1,5,5.0,3,0,0.0045662100456621,0.18893127020333872,united_posterity,True
30.40890328839697,1,8,8.0,8,0,0.00819672131147541,0.263080845899909,RestFar1697,True
19.34273278214865,1,1,1.0,1,0,1.0,0.051699002993149806,Top-Afternoon-8315,True
3990.959639142757,2,3,1.5,4,0,0.1111111111111111,0.001252831512240996,nice_feller,True
3543.127209782642,1,11,11.0,9,1,0.01639344262295082,0.0033868386003380775,CloneFiesta,True
2740.021018650874,1,11,11.0,9,0,0.0008561643835616438,0.0040145677442343704,cumhurka,True
92.40757377795323,1,12,12.0,4,0,0.010869565217391304,0.14068110944280157,Thin_Border_9417,True
4.131703891094636,1,1,1.0,1,0,0.07142857142857142,0.2420308972662279,darth_vader339,True
96.51040283766609,2,18,9.0,14,0,0.008620689655172414,0.2072315461540525,DevelopmentBusy2644,True
2477.9616904793074,1,0,0.0,0,0,1.6145177435500018e-05,0.0,eatsumsketti,False
264.7337343893945,1,0,0.0,0,0,1.0,0.0,Fun_Literature2741,True
1188.3003397674086,1,0,0.0,0,0,4.3871194173905417e-05,0.0,Informal-Bicycle-349,False
749.3535446291583,1,9,9.0,7,0,0.0009276437847866419,0.012010352208921545,AwarenessBest9645,True
718.360888789081,1,0,0.0,0,0,1.861850679575498e-05,0.0,fastingslowlee,False
1754.9581121885888,1,0,0.0,0,0,2.6196526340607235e-05,0.0,OMG_a_Ray_Gun,False
2092.268077579985,1,0,0.0,0,0,0.006211180124223602,0.0,mira-_-,True
90.01253919924022,8,26,3.25,17,0,0.08888888888888889,0.3777251514340903,lea_dvny,True
2213.8271305527346,50,50,1.0,40,1,0.0012611930886618741,0.04517064526850957,HeraldofCool,False
4.1288791604560835,1,2,2.0,2,0,0.0049504950495049506,0.48439296048060565,Mego_dafuqq,True
510.45621779823466,50,50,1.0,40,1,0.072992700729927,0.19590318721423916,Altruistic692,False
1866.8071697667378,1,4,4.0,3,0,0.015384615384615385,0.0021426958631725257,OddCorner5629,True
4755.738795539985,1,0,0.0,0,0,1.912740766243951e-05,0.0,Ribky,False
2117.3241654183025,9,7,0.7777777777777778,6,1,0.06164383561643835,0.007556707783023395,scottvienna,True
992.059449404525,4,50,12.5,42,1,0.0005124263387138099,0.05443222181131688,USN_CB8,False
68.34431309561762,1,0,0.0,0,0,0.0038314176245210726,0.0,Odd-Put-2825,True
50.4479350909977,1,16,16.0,9,0,0.00045871559633027525,0.3369810869232902,TheFloweryCyclisst,True
36.60051306989458,1,12,12.0,11,0,0.005952380952380952,0.32786425635848504,cultivatedsenator155,True
1608.6544194221524,27,50,1.8518518518518519,49,0,0.000514687660839894,0.04786609172879984,PissinginTheW1nd,False
36.52244137857247,1,11,11.0,9,0,0.01282051282051282,0.3011846849442448,savoryannuity6162,True
1279.691601097752,1,50,50.0,30,1,0.011904761904761904,0.03907191385573581,StunningCoconut2265,False
36.33935189521975,1,10,10.0,7,0,0.0008576329331046312,0.27518377402089683,RebelDefection,True
370.4131357761445,11,50,4.545454545454546,35,1,0.0005340842882113031,0.16468098484732124,Standard-March6506,False
165.77345812024618,1,0,0.0,0,0,0.043478260869565216,0.0,Inner_Possibility310,True
303.5669035398574,1,0,0.0,0,0,0.007874015748031496,0.0,Researcher-52,False
2755.0606925226307,20,50,2.5,39,1,0.009161704076958314,0.025407788724939318,Yeahitswhatevaa,False
764.0541245442877,3,50,16.666666666666668,28,1,0.00017604600668974824,0.06936681355082182,Mobirae,False
1536.935106189022,8,50,6.25,40,0,0.004469273743016759,0.037737442372447694,Fragrant_Difficulty6,False
1852.3716243416927,20,50,2.5,41,0,0.002482005460412013,0.03778939338097291,ballplayer5,False
1731.1162120875827,36,50,1.3888888888888888,51,0,0.0007243606511197409,0.04967892935176844,NA_nomad,False
381.3112741116186,14,3,0.21428571428571427,14,0,0.7,0.04458299860030812,sauga4ever,True
1190.4635786298938,13,50,3.8461538461538463,39,1,0.0002969595906526258,0.05292056063782043,Me_ina_pink_skirt,False
941.1363316580791,12,50,4.166666666666667,43,1,0.00017500109375683597,0.06587780953134534,BNG1982,False
1421.7911312634856,2,50,25.0,34,1,0.00020576131687242798,0.03657358584997629,netmin33,False
4898.549446706703,1,0,0.0,0,0,0.002352941176470588,0.0,mihawk101,False
855.0398472955685,19,50,2.6315789473684212,22,1,0.0002479090826059159,0.08069799345403866,anonanon5320,False
730.3246220145926,1,50,50.0,30,0,4.557261996992207e-05,0.06846270616219338,Available-Secret-372,False
1616.4538502252985,1,50,50.0,20,1,0.0007763975155279503,0.031550545035907894,Suspicious_Line_2910,False
2481.1595370549626,3,50,16.666666666666668,31,0,7.945125665404274e-05,0.021360980303148456,Adderall_Rant,False
4.528426964978377,6,1,0.16666666666666666,7,0,0.05128205128205128,1.5457906363812637,FairySadie29,True
654.8484715188929,19,50,2.6315789473684212,43,0,0.001182033096926714,0.10536788738310325,The_Pixel_Knight,False
33.35489389775804,7,0,0.0,6,0,7.0,0.2098642562454833,Nel1nkq,True
565.8717671340097,11,50,4.545454545454546,28,0,0.0014280150590678957,0.10779827434923783,PionV,False
1052.376064191353,2,50,25.0,27,1,4.992760497278945e-05,0.04941199421896474,BedRevolutionary8584,False
102.00819476026352,1,0,0.0,0,0,0.0002984183825723665,0.0,West_Boot7246,False
6.475324701023874,1,2,2.0,1,0,1.0,0.30886482027438117,NostalgiaEterna_,False
1136.1687050192418,1,50,50.0,26,1,0.0002745744096650192,0.04400754903661355,Mr-Big-Nicky-P,False
1157.477309701716,1,50,50.0,32,1,0.001282051282051282,0.04319739106841333,Ok-Loss-2496,False
2924.353854734161,20,50,2.5,49,1,0.00013518171802445438,0.02393691169988844,pgtvgaming,False
1287.5577747616917,1,50,50.0,27,1,3.37655321447866e-05,0.03883320887037809,Plus_Operation2208,False
805.8798898460219,32,50,1.5625,62,1,0.0012519072023786236,0.1017521358122829,Expert-Novel-6405,False
3458.0754428925366,50,50,1.0,50,1,0.00039726049164958446,0.028917819073476937,Dmau27,False
0.43049863794887505,1,0,0.0,0,0,1.0,0.0,SatisfactionFair8004,True
1055.7565547597574,1,0,0.0,0,0,8.374507997655137e-05,0.0,Freodrick,False
1930.882507516176,50,50,1.0,56,1,0.003942284948356067,0.05178979021806807,spaacingout,False
2104.5754799151614,50,50,1.0,44,0,0.0005427585158811141,0.04751552080423894,MONSTERBEARMAN,False
1380.027281243605,1,50,50.0,31,1,0.006493506493506494,0.03623116780339497,Unhappy_Suit933,False
105.89580552635921,3,50,16.666666666666668,22,0,0.00041322314049586776,0.5004919669533788,Belz_Zebuth,False
670.0474879144242,3,50,16.666666666666668,32,1,0.00023862551702195356,0.07909887128293949,GoatDifferent1294,False
0.4478008595053796,1,0,0.0,1,0,0.007518796992481203,1.0,Daisy_Poppy-,True
1906.8511171039856,3,50,16.666666666666668,43,1,0.003061224489795918,0.027794513963152672,Grand-Professional-6,False
2936.937639546143,50,50,1.0,51,1,0.004430267588162325,0.03404907160897478,slipstream0,True
2242.139594229799,1,0,0.0,0,0,1.9090855289407822e-06,0.0,IamREBELoe,False
93.96552377877688,17,50,2.9411764705882355,23,1,0.002226588081204977,0.7130274733288153,JonasBona,False
2561.840003434014,9,50,5.555555555555555,32,1,2.4827380738918022e-05,0.023030321925223102,duffelbagpete,False
473.2691450986404,50,50,1.0,56,1,0.003892565200467108,0.21129625929693271,Upset-Masterpiece218,False
377.0954188648473,1,0,0.0,0,0,0.00010876658690450294,0.0,Proper_Rush_9367,False
156.3725234156295,27,50,1.8518518518518519,37,0,0.0028361344537815125,0.4924138737298385,RosyTwinkle-Belle,True
114.57981648484314,50,24,0.48,51,1,0.0038508934072704866,0.645838004198487,GigglesInGarters,True
1440.0640050824566,1,50,50.0,27,0,1.5912671260124436e-05,0.03472067895838911,Living_on_Tulsa_Time,False
1610.803491173795,19,50,2.6315789473684212,37,1,0.049738219895287955,0.04283576511851212,208MtbBarber,False
1206.9896993968193,5,50,10.0,23,1,0.002091175240485153,0.04556791166278029,GatewayArcher,False
13.354245098498133,1,22,22.0,18,1,0.007194244604316547,1.6474162214136836,T-rashKitten,True
1719.2403895443072,34,50,1.4705882352941178,47,1,0.0016357163475416146,0.04885878700317447,mess1ah1,False
3031.169003264098,1,0,0.0,0,0,0.02,0.0,Lola1024,True
165.94001400126902,1,50,50.0,27,0,0.0003093102381688834,0.3013137024299493,paradisefound4177,False
5096.459507208996,20,50,2.5,33,0,0.00016111621312452673,0.013735025246641174,auntie_eggma,False
5895.272103136963,50,50,1.0,43,0,0.00014927823971099734,0.016962745442536654,Coffeedemon,False
2771.1049347543026,40,50,1.25,26,0,0.0014114824094004729,0.03247801946120808,Pawz23,False
4987.716815720951,50,50,1.0,62,0,0.0002492833104823632,0.020049253735658502,patronizingperv,False
1923.8233053722397,12,50,4.166666666666667,33,0,0.0009329808738920852,0.03222749190472232,Puzzleheaded_Smoke77,False
1249.605535163322,1,1,1.0,1,0,0.3333333333333333,0.0008002525371891068,OppositePay2624,True
26.657667952342717,1,10,10.0,7,0,0.018518518518518517,0.37512658713723623,TurboSuccubusSupreme,True
57.562457690429355,1,0,0.0,0,0,0.00023094688221709007,0.0,SomeoneFunctional,False
31.38433902843131,1,12,12.0,13,0,0.00847457627118644,0.41421933366903796,touchdowndaffy,True
96.42779301614397,3,50,16.666666666666668,30,0,0.0003784533871578151,0.5496340665095044,shutterbug1961,False
31.385914145376947,1,9,9.0,8,0,0.024390243902439025,0.2867528394525247,gaudy_allegory,True
2778.1689495015253,1,0,0.0,0,0,4.5599635202918376e-05,0.0,Real_Live_Sloth,False
38.51201529927276,1,0,0.0,0,0,0.0004065040650406504,0.0,Horror_Salt1523,False
1879.1051698417657,32,50,1.5625,49,1,0.001524462865037397,0.04363779170854232,freddbare,False
2.8843073455658224,7,21,3.0,8,1,7.0,9.707703321924303,NikkisLockedProperty,True
2455.011740523124,37,50,1.3513513513513513,47,0,0.003084875771218943,0.035437712400292504,mycolo_gist,False
3036.722924282598,2,50,25.0,40,1,3.025260928755105e-05,0.01712372228107857,MrHoboRisin,False
1706.813973980637,10,50,5.0,20,0,0.00010673497705197993,0.03515321582472623,Extreme_Today_984,False
379.63521791227987,13,50,3.8461538461538463,36,0,0.00029311627697233434,0.16594877668740693,DudeYumi,False
1185.814838967373,1,0,0.0,0,0,3.4314734747100405e-05,0.0,Cubensio,False
435.4426278939898,1,50,50.0,24,0,0.038461538461538464,0.11482568953302544,SuperRetroPod,False
7.418769926685426,3,2,0.6666666666666666,4,0,0.011111111111111112,0.6739661762544927,alexis3024,True
6.102148886494063,2,13,6.5,7,1,0.2857142857142857,2.4581504448702693,livcakes1000,True
93.20290014515872,13,48,3.6923076923076925,10,1,0.03258145363408521,0.6544860718389196,SpiceItSoftly,True
0.4464230088917194,9,3,0.3333333333333333,9,0,9.0,12.0,Best-Climate2166,True
1335.813070476447,1,50,50.0,39,1,0.00024449877750611245,0.03743038685956741,piernasflacas81,False
165.1379712174143,3,6,2.0,8,1,0.023809523809523808,0.05449988233264018,JuliDmc,True
33.7369594264334,40,50,1.25,21,1,0.021356113187399894,2.6676974312475736,leda90,True
1168.2481937079904,1,0,0.0,1,0,0.0015479876160990713,0.0008559824918932895,Any_Demand_6272,True
240.55831039588207,1,0,0.0,0,0,0.0028011204481792717,0.0,stellalunaSuisse,True
131.68721089588547,1,50,50.0,29,1,0.005434782608695652,0.3796875919828767,Novel-Truth-6468,False
1212.688363962455,1,0,0.0,0,0,0.04,0.0,_Six6__,True
12.488315546145593,6,0,0.0,6,0,6.0,0.4804491028297124,Nightmare2o9,True
0.4629038569993443,1,0,0.0,1,0,0.027777777777777776,1.0,Amilea_Andy,True
1870.9625863444971,20,50,2.5,32,0,0.0017401896806751936,0.037413896200226324,Pleasant-Bonus-866,False
23.25705076104789,2,7,3.5,6,1,0.0018148820326678765,0.3869794193799355,SupremeSpankzilla,True
518.812979511155,1,0,0.0,0,0,0.0008517887563884157,0.0,Gweedo1967,False
1936.554105390211,1,50,50.0,36,1,4.1245617653124354e-05,0.02633543770248734,Anteater-Charming,False
1433.5008790454103,2,50,25.0,25,1,0.0005185377236193933,0.036274829517110294,Ok_Yam5543,False
1871.9342289122333,4,50,12.5,27,1,0.0017211703958691911,0.02884716736622685,No-Willingness-170,False
1894.9173766132333,1,50,50.0,26,1,0.0018018018018018018,0.02638637473965461,ImpossibleCurve8613,False
84.27135390438416,8,50,6.25,19,1,0.005438477226376614,0.6882528559563417,Specialist_Most_7338,False
4.781816549858561,1,28,28.0,13,1,0.0003705075954057058,6.06464085303686,xGemTwinkle,True
1.3172914557848816,1,1,1.0,1,0,0.5,0.7591334443175068,AvaSophiaqw,True
