age_days,total_posts,total_comments,comment_to_post_ratio,subreddit_diversity,activity_spike,post_to_karma_ratio,duplicate_content_ratio,posts_per_day,username,bot
79.95428524156135,1,0,0.0,0,0,0.0002021018593371059,0.0,0.0,KeyGlum6538,False
134.02189927621848,1,0,0.0,0,0,0.000361794500723589,0.0,0.0,IndependentThink4698,False
669.994064578574,3,100,33.333333333333336,54,1,0.00023864449924429243,0.0,0.15373270517670476,GoatDifferent1294,False
814.2413522011428,17,100,5.882352941176471,55,0,0.0005859038428399104,0.0,0.14369203883309697,fatmanstan123,False
677.6898466854157,1,100,100.0,37,1,0.00032425421530479895,0.0,0.14756012723091616,Key_Departure187,False
1638.76740098222,2,100,50.0,37,1,3.826359792611299e-05,0.0,0.06224190201664054,Famous-Example-8332,False
1871.8792926407164,4,100,25.0,42,1,0.0017248814144027599,0.0,0.05555913803249785,No-Willingness-170,False
438.0649579782094,5,100,20.0,26,1,0.003109452736318408,0.0,0.2396904798881973,Lopsided-Head-5143,False
1643.967356743796,1,100,100.0,46,1,0.00026164311878597594,0.0,0.06143674300203294,GlumAppearance106,False
1878.7938454746952,17,100,5.882352941176471,59,1,0.0006157412437973125,0.0,0.06227399577756166,Lordnoallah,False
1523.0169189638975,4,100,25.0,40,0,0.0003142924491239098,0.0,0.06828551850280876,MacDynamite71,False
228.9957341299399,10,100,10.0,38,0,0.001055297593921486,0.0,0.4803582932142408,Human-Sheepherder797,False
5121.979620025243,1,0,0.0,0,0,7.747133560582585e-05,0.0,0.0,sweetheart4012,False
38.45796341369274,1,0,0.0,0,0,0.0004083299305839118,0.0,0.0,Horror_Salt1523,False
1443.4487363042876,2,100,50.0,56,1,7.251894557453135e-05,0.0,0.07066409594922933,PatentedPotato,False
740.7460258120216,9,100,11.11111111111111,55,0,0.0013412816691505216,0.0,0.14714895011486814,ThatUsernameIsTaekin,False
889.1327839949203,32,100,3.125,37,1,0.0024619172180335436,0.0,0.1484592654506755,PsychologicalRace739,False
1727.491855314672,10,100,10.0,45,1,0.0005239717055279015,0.0,0.06367613234272697,Feisty-Tooth-7397,False
1869.661576757235,1,0,0.0,0,0,4.288753173677348e-06,0.0,0.0,Nemisis_007,False
2042.7225174009413,20,100,5.0,48,0,7.281518050883248e-05,0.0,0.0587451300789899,TwoIdleHands,False
3424.8274658912806,6,100,16.666666666666668,33,1,0.00029433406916850625,0.0,0.030950464236718697,FrankLangellasBalls,False
1015.181396080628,1,100,100.0,49,1,0.0005282620179609086,0.0,0.09948960884225892,InternSignificant26,False
84.21665537652042,9,100,11.11111111111111,30,1,0.006118286879673691,0.0,1.2942807988832714,Specialist_Most_7338,False
2213.775488266647,81,100,1.2345679012345678,73,0,0.0020431328036322363,0.0,0.08176077518218448,HeraldofCool,False
173.0670249511826,19,100,5.2631578947368425,20,0,0.0016349711728766887,0.0,0.6875948785366052,DearDeerDoe,False
1136.1160446442332,1,100,100.0,43,1,0.0002745744096650192,0.0,0.08801917768119744,Mr-Big-Nicky-P,False
1841.9260629104795,31,100,3.225806451612903,64,1,0.0007066010211524435,0.0,0.0711212043946016,Adventurous_Pay_5827,False
1727.9673792258843,1,0,0.0,0,0,0.0005347593582887701,0.0,0.0,Upset-Waltz-8952,False
1526.6352706396221,1,100,100.0,54,1,0.0003633720930232558,0.0,0.0655035304916691,dribblychops,False
1991.8419336410198,16,100,6.25,58,1,9.149078516248191e-05,0.0,0.05823755291061471,cellphone_blanket,False
1852.3195464765583,20,100,5.0,57,1,0.002483546504408295,0.0,0.06478363856185687,ballplayer5,False
1626.839053902204,1,100,100.0,28,0,1.5975716910296348e-05,0.0,0.061468895623163114,SpotCreepy4570,False
1030.8320705888614,1,100,100.0,42,1,0.0002765486725663717,0.0,0.09797910142852258,External_Demand_8839,False
4385.866636918345,7,100,14.285714285714286,46,1,0.0008134805345729227,0.0,0.02439654664811736,Davngr,False
3424.0313798415054,1,0,0.0,0,0,0.0004768717215069146,0.0,0.0,unicornative,False
507.9630096285818,1,0,0.0,0,0,0.002136752136752137,0.0,0.0,Passed1stGrade,False
4638.067611332235,9,100,11.11111111111111,57,1,0.0006845668213280597,0.0,0.023501166678484647,PokeyPete,False
1555.8901740005915,14,100,7.142857142857143,69,1,0.004693261816962789,0.0,0.07326995305001306,greengo07,False
1286.1191950109353,16,54,3.375,9,0,0.005961251862891207,0.0,0.05442730368346988,PositronicShishkabob,False
1803.4465093751307,11,100,9.090909090909092,51,1,0.0014420555846879916,0.0,0.061548817457557956,Specialist-Essay-726,False
299.99568425057663,1,0,0.0,0,0,0.00020214271275520516,0.0,0.0,ConfidenceAgitated16,False
2068.0488180435837,3,100,33.333333333333336,31,1,3.870218667354705e-05,0.0,0.049805400675908655,StrangeContest4,False
303.51512259739695,1,0,0.0,0,0,0.007874015748031496,0.0,0.0,Researcher-52,False
1821.0407471105539,12,100,8.333333333333334,53,0,0.0001449905756125852,0.0,0.061503291553311176,Remarkable-Ad2285,False
3265.817446193251,1,0,0.0,0,0,5.550375205363883e-06,0.0,0.0,MoreRamenPls,False
238.00107419601744,1,100,100.0,42,1,0.00020496003279360525,0.0,0.42016617083685975,MobileCreepy7213,False
109.07977644310505,1,0,0.0,0,0,8.532641620519297e-06,0.0,0.0,AmputeeHandModel,False
131.6332355547779,1,100,100.0,55,1,0.005434782608695652,0.0,0.7596865607575676,Novel-Truth-6468,False
2216.8816094924646,1,100,100.0,61,1,0.0001737921445950643,0.0,0.045559492021372786,DarmokBuiscuits,False
413.303944395546,1,0,0.0,0,0,0.0003170577045022194,0.0,0.0,No_Street8874,False
1233.8754330950064,30,100,3.3333333333333335,62,1,0.002571575518601063,0.0,0.105359095831832,X-calibreX,False
1151.8294130716777,38,100,2.6315789473684212,60,1,0.010966810966810967,0.0,0.11980940791569485,WeAreSolarAF,False
1706.76043794534,10,100,10.0,32,1,0.00010673611629967231,0.0,0.0644495838750645,Extreme_Today_984,False
1868.8407707346423,13,100,7.6923076923076925,46,0,0.00043015022169280655,0.0,0.060465290446108814,StarFighter6464,False
1818.1863413849749,1,100,100.0,28,1,1.0,0.0,0.05554986180517935,dragcuda74,False
885.8077808068996,4,100,25.0,42,1,0.00012584948401711554,0.0,0.11740696148013553,ImRonniemundt,False
616.547104901826,1,100,100.0,53,1,0.0005274261603375527,0.0,0.1621936088985824,spawl123,False
3747.942366218128,14,100,7.142857142857143,56,1,0.00016895357397149512,0.0,0.030416689708874053,SavageCucmber,False
701.5043309728829,2,100,50.0,34,1,0.00012275963663147557,0.0,0.1454018107893091,Hot_Equivalent6562,False
400.5088723894595,8,100,12.5,36,1,0.0016684045881126173,0.0,0.26965694756189956,watchwatertilitboils,False
1879.0518936993071,32,100,3.125,71,1,0.001524462865037397,0.0,0.07024819295444276,freddbare,False
379.5818207042554,13,100,7.6923076923076925,57,1,0.0002931228861330327,0.0,0.2976960271446772,DudeYumi,False
1061.1795675954857,2,100,50.0,62,1,0.0005136106831022085,0.0,0.09611945340327331,Othercheek293Sugie,False
1132.9475940256868,1,100,100.0,18,0,9.018759018759019e-05,0.0,0.088265335949628,Embarrassed_Towel707,False
2706.99156091418,23,100,4.3478260869565215,39,1,0.0003903333107053153,0.0,0.045437895624049006,Later_Doober,False
1476.4399016524492,1,100,100.0,42,0,0.0005330490405117271,0.0,0.06840779627193738,eniola_aro,False
1913.1679043233808,9,100,11.11111111111111,40,1,0.0015514566454059645,0.0,0.05697356711540141,Fragrant_Proof,False
36.91414678470128,1,100,100.0,42,1,0.0002635740643120717,0.0,2.7089885236476348,BunsMcNuggets,False
100.36292628957993,1,100,100.0,62,1,0.002840909090909091,0.0,1.0063476996334473,Exporrigo2,False
913.2483071270943,1,0,0.0,0,0,3.7989590852106524e-05,0.0,0.0,BackgroundNo8340,False
1252.0226132523958,1,100,100.0,44,1,0.000543773790103317,0.0,0.08066946948955735,Impressive_Bet_3764,False
961.8626404080043,60,100,1.6666666666666667,37,1,0.0007104964001515726,0.0,0.16634391780944,Special_South_8561,False
715.8603694291468,1,0,0.0,0,0,1.657989853102099e-05,0.0,0.0,pewpew_lotsa_boolits,False
512.3602509429471,1,0,0.0,0,0,0.00016366612111292964,0.0,0.0,Slight-Split-1855,False
814.3417732623744,4,100,25.0,37,1,3.426006817753567e-05,0.0,0.12771050609790102,DrakonILD,False
3132.880847793666,48,100,2.0833333333333335,82,1,0.003420265070542967,0.0,0.047240864619613326,xendazzle,False
2557.1842441947456,2,100,50.0,43,1,0.0002844950213371266,0.0,0.03988762258001464,TrevorMalibu,False
747.0928057315283,11,100,9.090909090909092,47,1,0.00013480557359771565,0.0,0.14857591874588125,BoomerSoonerFUT,False
2454.958731234176,37,100,2.7027027027027026,68,1,0.003084875771218943,0.0,0.05580541874572625,mycolo_gist,False
3662.346020170221,36,100,2.7777777777777777,48,0,0.00034271679217082526,0.0,0.03713466702790658,zachonich,False
476.73976673265577,20,100,5.0,52,1,0.0001291255616961934,0.0,0.25170965036632476,xChoke1x,False
1008.6848115470343,53,100,1.8867924528301887,51,1,0.006038509741369488,0.0,0.15168266464262678,ComprehensiveLack713,False
475.105707486672,12,100,8.333333333333334,41,0,0.011538461538461539,0.0,0.23573701227982388,No1hammer1964,False
102.82069176840838,7,100,14.285714285714286,43,1,0.035175879396984924,0.0,1.0406465679204437,foogmaster1967,False
1739.8814550530856,1,100,100.0,59,1,0.0002808199943836001,0.0,0.05747518011044545,Ok_Nothing_8028,False
147.9660775501143,4,100,25.0,79,1,0.003968253968253968,0.0,0.7028638031225534,Effective_Writer8074,False
843.1872526536772,5,100,20.0,48,0,0.0003675119441381845,0.0,0.12452749928268508,AndreaSys,False
644.2043001694011,65,100,1.5384615384615385,82,1,0.0025818239593263423,0.0,0.2561299264171495,muzzledmasses,False
2414.231935050573,6,100,16.666666666666668,51,1,0.0004258641493363617,0.0,0.04390630347526221,junostr,False
2900.3488519457837,12,100,8.333333333333334,56,1,0.0028846153846153848,0.0,0.03861604438544058,jweezee,False
1537.9479358064384,17,100,5.882352941176471,24,0,0.000914666953621005,0.0,0.0760753971418739,Happily_Eva_After,False
855.0275227329521,1,100,100.0,48,1,0.00011903344839900012,0.0,0.11812485249266648,Positive-Special7745,False
352.9178440582863,1,100,100.0,17,1,0.00022935779816513763,0.0,0.28335206531377444,NuggetsRoyalsChiefs,False
38.297854394313916,1,0,0.0,0,0,0.00045934772622875517,0.0,0.0,PizzaFrenchToast,False
797.2488464530254,100,100,1.0,68,1,0.0012212696319093329,0.0,0.2508627022664299,IllvesterTalone,False
149.95166333141978,1,100,100.0,43,1,0.002277904328018223,0.0,0.6668815655547765,r117sr,False
1100.4629396738553,1,100,100.0,39,1,0.002242152466367713,0.0,0.09087084752680272,Vegetable_Major4669,False
2426.1002684017576,39,100,2.5641025641025643,58,1,0.00014958232013684864,0.0,0.057293592441490085,JUGELBUTT,False
1691.9873601008676,35,100,2.857142857142857,78,0,0.002106783843977608,0.0,0.07978783008872596,ImpressiveSimple8617,False
405.10165060495063,2,100,50.0,45,1,0.00029568302779420464,0.0,0.25178865563169217,Little-Trucker,False
11.373697081914655,1,0,0.0,0,0,0.011235955056179775,0.0,0.0,New-Heart-6948,True
453.3335254954105,8,24,3.0,13,0,0.0036380172805820826,0.0,0.07058820537269962,CrackUpThatStock,True
1168.1953042093112,1,0,0.0,1,0,0.0015479876160990713,0.0,0.0008560212461022059,Any_Demand_6272,True
0.2601858521942739,2,0,0.0,1,0,0.6666666666666666,0.0,2.0,LonelyEnergy5943,True
0.3738526626179616,18,0,0.0,4,1,0.5625,0.0,18.0,Middle_Lock8469,True
718.6315813052793,92,100,1.0869565217391304,10,1,0.011518717916614499,0.0,0.2671744534957157,No_Passage6856,True
129.1050871155135,3,0,0.0,3,0,1.0,0.0,0.0232368845180812,TwistedDreams2007,True
0.13576789416372775,1,1,1.0,1,0,0.0010559662090813093,0.0,2.0,DramaticJackfruit710,True
16.336054214526104,1,5,5.0,5,0,0.014084507042253521,0.0,0.30607146219886894,SecretConflagration,True
23.204050793879563,2,7,3.5,6,1,0.0018709073900841909,0.0,0.38786331231329196,SupremeSpankzilla,True
0.48929174216809096,1,0,0.0,1,0,0.010526315789473684,0.0,1.0,Helena_Stephine,True
1705.2769176338834,1,0,0.0,0,0,0.0625,0.0,0.0,Darkbrianmcampos,True
2788.504147968637,1,0,0.0,0,0,1.2128709869131221e-05,0.0,0.0,limsus,True
114.52806437660975,100,24,0.24,81,1,0.007702380035430948,0.0,1.0827040575159212,GigglesInGarters,True
1988.03434919721,53,100,1.8867924528301887,35,1,0.13383838383838384,0.0,0.07696044088060303,Cherryfields,True
0.15891690830941554,1,0,0.0,0,0,0.009433962264150943,0.0,0.0,LandonAshmere26,True
2.5444337048160808,1,0,0.0,0,0,0.0017513134851138354,0.0,0.0,AvocadoFew6136,True
4383.619692329005,100,100,1.0,67,1,0.005168225748100677,0.0,0.04562439582749035,TyphoonBlizzard,True
0.1987077761772606,4,16,4.0,2,1,0.06666666666666667,0.0,20.0,Hungry-Theory4181,True
40.24582338834802,1,0,0.0,0,0,0.0017482517482517483,0.0,0.0,Positive_Brick_4216,True
0.7962711036536428,1,0,0.0,0,0,1.0,0.0,0.0,Away_Ring_4494,True
166.70265742454265,1,0,0.0,1,0,0.005235602094240838,0.0,0.005998704612448343,Embarrassed_Reply324,True
294.51955667323534,27,31,1.1481481481481481,19,1,0.039301310043668124,0.0,0.19693089537123695,deluluu09,True
1121.2474004609164,27,100,3.7037037037037037,39,0,0.6136363636363636,0.0,0.11326670630210024,Practical-Echo1732,True
193.2914272137676,7,4,0.5714285714285714,6,0,0.7777777777777778,0.0,0.056908887054958335,Vast-Notice-900,True
2.7373392218075416,1,0,0.0,0,0,0.125,0.0,0.0,UnzipGalaxy77,True
888.7311590204471,4,24,6.0,14,1,0.2,0.0,0.031505590544233186,Krisaaa1_,True
156.32098386620757,27,100,3.7037037037037037,58,1,0.002838221381267739,0.0,0.8124309152806837,RosyTwinkle-Belle,True
2769.884767356465,1,0,0.0,0,0,0.0001307531380753138,0.0,0.0,Simsim123454321,True
369.04385093497734,2,13,6.5,13,0,2.0,0.0,0.04064557629668482,Bored_ASF21,True
616.7956666160017,6,27,4.5,19,1,3.0,0.0,0.0535023214106736,j-slayer_1369,True
0.24568798290082702,1,0,0.0,1,0,0.015384615384615385,0.0,1.0,Amilia_Marveen,True
2.6302231228875894,2,0,0.0,2,0,0.03333333333333333,0.0,0.7603917639520638,MagicKennedy23,True
1342.9793542103055,3,6,2.0,6,1,0.08571428571428572,0.0,0.006701517764800004,ParsnipOk2604,True
68.29429376532634,1,0,0.0,0,0,0.0038314176245210726,0.0,0.0,Odd-Put-2825,True
4262.878829128605,1,0,0.0,0,0,0.00033112582781456954,0.0,0.0,senc2bar,True
1214.6389318321148,28,100,3.5714285714285716,33,1,0.01704199634814364,0.0,0.10538111091740629,SimonTheWeirdo,True
33.68454374258441,40,100,2.5,22,1,0.021367521367521368,0.0,4.156208885293889,leda90,True
3.0326423619218446,2,0,0.0,2,0,0.04,0.0,0.6594908865984979,SoftSugarRushxo,True
2.4038086419221427,1,0,0.0,0,0,0.004464285714285714,0.0,0.0,Sufficient-Poet-3621,True
88.31690644949398,1,0,0.0,1,0,1.0,0.0,0.011322860369570038,Free_Muffin_9854,True
3.521361030858976,5,0,0.0,5,0,0.017857142857142856,0.0,1.4199055297605583,GladWrongdoer3551,True
13.30274120186766,1,22,22.0,18,1,0.007142857142857143,0.0,1.6537944823666324,T-rashKitten,True
138.36137988138253,100,100,1.0,74,1,0.010970927043335162,0.0,1.4454900650127975,Pearly_Fizz09,True
2232.0958374003376,4,100,25.0,21,1,0.004439511653718091,0.0,0.046592981473916474,doodicussonofdood,True
0.1520184876135102,15,0,0.0,3,0,2.5,0.0,15.0,TieAltruistic256,True
27.607758897278043,3,0,0.0,2,0,0.006072874493927126,0.0,0.10866510429775529,ElegantEves,True
365.4187827503295,14,2,0.14285714285714285,12,0,14.0,0.0,0.043785379283395834,Spiritual_Rub_2633,True
17.523893553101352,1,11,11.0,4,0,0.05555555555555555,0.0,0.6277143813198544,SavageKissx,True
593.2108783970856,1,0,0.0,0,0,0.2,0.0,0.0,Electrical-Crow2880,True
6.575047258152454,1,25,25.0,15,1,0.0030581039755351682,0.0,3.802254039923789,SnickerGem,True
1249.554040460962,1,1,1.0,1,0,0.3333333333333333,0.0,0.0008002855159678399,OppositePay2624,True
397.05956477533334,1,0,0.0,0,0,0.125,0.0,0.0,jake20240612,True
44.22428750094716,1,3,3.0,3,0,0.5,0.0,0.09044803717672853,LunaBoozedxs,True
33.304595382139084,7,0,0.0,6,0,7.0,0.0,0.2101812053166101,Nel1nkq,True
0.18492134784934697,1,0,0.0,1,0,0.05,0.0,1.0,LandonAshmere23,True
44.246921308156516,1,0,0.0,1,0,1.0,0.0,0.02260044248130907,LunaFoggxz,True
71.30439066193998,1,0,0.0,1,0,0.07142857142857142,0.0,0.014024381818801073,misoxecima393,True
1938.2343879925404,19,11,0.5789473684210527,14,1,0.37254901960784315,0.0,0.01547800420106645,Earth-Administrative,True
0.1782925233134517,1,0,0.0,1,0,0.0024875621890547263,0.0,1.0,LandonAshmere24,True
42.89317483712678,3,2,0.6666666666666666,4,0,3.0,0.0,0.11656866200708886,ChonkFoxy,True
2851.531332457502,71,100,1.408450704225352,39,1,1.0441176470588236,0.0,0.05996777873474358,benji626,True
43.92939912006535,3,3,1.0,4,0,0.6,0.0,0.13658279239379395,ThrsTrap,True
67.88593097301545,32,14,0.4375,6,1,0.2782608695652174,0.0,0.6776072647259552,Rose_Rebellion,True
52.43992331282408,17,9,0.5294117647058824,17,1,0.006617360840794083,0.0,0.4958054542700247,Sufficient-Plum-9084,True
23.173161555926004,1,5,5.0,2,0,0.002352941176470588,0.0,0.21576684682981312,LadyLustalot55,True
0.16260278939372963,5,0,0.0,5,0,1.25,0.0,5.0,Few-Task3999,True
267.8766243543255,1,5,5.0,2,0,0.08333333333333333,0.0,0.01866530912150963,cutielanaxx,True
1388.418669889056,100,100,1.0,42,1,0.004029495910061651,0.0,0.1440487688169602,Just-Incident6458,True
0.15186038880712457,1,0,0.0,0,0,0.25,0.0,0.0,Sweaty-Student-5459,True
2.795984040769162,3,3,1.0,3,0,0.022222222222222223,0.0,2.1459349955192977,PinkyElla29,True
119.84938972072469,1,0,0.0,0,0,0.2,0.0,0.0,No_Dragonfly_9143,True
1149.591699458598,4,4,1.0,4,1,0.020833333333333332,0.0,0.006958992487304504,Wild_Clerk_2647,True
66.27416529722788,1,3,3.0,3,0,0.002967359050445104,0.0,0.04526650749270899,SheWhoBloomz,True
1418.913705651567,1,18,18.0,13,0,0.0019083969465648854,0.0,0.012685760894623524,SubstantialBear1173,True
76.01661802632113,7,11,1.5714285714285714,13,1,0.026923076923076925,0.0,0.23679032910629372,lotuswispie,True
118.13431532456092,14,1,0.07142857142857142,14,1,0.4666666666666667,0.0,0.1269741138194196,Humble-Rhubarb9258,True
6.42556259593478,1,2,2.0,1,0,1.0,0.0,0.3112567919368379,NostalgiaEterna_,True
399.78703258107384,2,0,0.0,2,0,0.4,0.0,0.005002663510839149,Brave-King9209,True
2092.8642849004077,1,0,0.0,0,0,0.000700770847932726,0.0,0.0,ArkenTheAmerikan,True
5256.644759848756,100,100,1.0,57,1,0.01488316713796696,0.0,0.03804708309902121,Cwaazy,True
21.29487392425813,2,3,1.5,5,0,0.008547008547008548,0.0,0.23479829078979578,Zestyclose_Fox_5042,True
179.4556980095169,1,0,0.0,0,0,0.008547008547008548,0.0,0.0,Optimal-Employer6481,True
23.22628740939001,1,1,1.0,1,0,0.013333333333333334,0.0,0.04305466398369445,AtomicKittyOverdrive,True
33.512878972109824,1,5,5.0,3,0,1.0,0.0,0.14919637325581944,BubblyScissors,True
3655.8229757966596,51,66,1.2941176470588236,59,1,0.04225352112676056,0.0,0.032003737810774036,itszenbaby,True
0.9412025615269387,1,1,1.0,1,0,0.016129032258064516,0.0,2.0,Nice-Decision5024,True
1292.9713373147779,13,1,0.07692307692307693,11,0,1.0833333333333333,0.0,0.010827772894853939,TapLittle7779,True
7.3678530693302555,3,2,0.6666666666666666,4,0,0.011194029850746268,0.0,0.678623739229168,alexis3024,True
89.96415959981029,8,26,3.25,17,0,0.08888888888888889,0.0,0.3779282788973188,lea_dvny,True
3.789070685762498,1,0,0.0,0,0,0.1,0.0,0.0,BlueberriesCraveIron,True
